problem,name,category,method,n,status,converged,n_iter,n_f_evals,n_g_evals,n_h_evals,n_total,cpu_s,f_final,f_error,grad_norm,error_msg
A01,Quadratique diagonale κ=10,A,Cauchy_Point,10,success,True,76,153,77,77,307,0.005846699990797788,9.679268020578209e-14,9.679268020578209e-14,8.173053517553832e-07,
A01,Quadratique diagonale κ=10,A,Dogleg,10,success,True,3,7,4,4,15,0.0005718000029446557,3.8698592544783757e-26,3.8698592544783757e-26,4.922821694498055e-13,
A01,Quadratique diagonale κ=10,A,Steihaug_CG,10,success,True,9,19,10,10,39,0.0011929999891435727,3.9505080738577904e-14,3.9505080738577904e-14,8.44180830417564e-07,
A01,Quadratique diagonale κ=10,A,BFGS_Armijo,10,success,True,20,82,39,0,121,0.0025110999995376915,1.1944948030614668e-14,1.1944948030614668e-14,3.419944404153792e-07,
A01,Quadratique diagonale κ=10,A,BFGS_Wolfe,10,success,True,11,42,51,0,93,0.0023957000084919855,6.236813227179701e-31,6.236813227179701e-31,4.860057591997178e-15,
A01,Quadratique diagonale κ=10,A,Newton_BT,10,success,True,2,5,3,2,10,0.00022489999537356198,0.0,0.0,0.0,
A01,Quadratique diagonale κ=10,A,Cauchy_Point,50,success,True,77,155,78,78,311,0.005979299996397458,9.373135725698798e-14,9.373135725698798e-14,8.112692494125171e-07,
A01,Quadratique diagonale κ=10,A,Dogleg,50,success,True,4,9,5,5,19,0.007005000006756745,7.581942928081743e-26,7.581942928081743e-26,7.432881153379377e-13,
A01,Quadratique diagonale κ=10,A,Steihaug_CG,50,success,True,12,25,13,13,51,0.0016431999974884093,1.0421602073844456e-15,1.0421602073844456e-15,1.0398562736095842e-07,
A01,Quadratique diagonale κ=10,A,BFGS_Armijo,50,success,True,67,334,133,0,467,0.010806799997226335,1.7228000694831512e-14,1.7228000694831512e-14,5.753744683057459e-07,
A01,Quadratique diagonale κ=10,A,BFGS_Wolfe,50,success,True,27,106,131,0,237,0.00610130000859499,3.4329820139516606e-14,3.4329820139516606e-14,6.556087204416658e-07,
A01,Quadratique diagonale κ=10,A,Newton_BT,50,success,True,2,5,3,2,10,0.0011879999947268516,0.0,0.0,0.0,
A01,Quadratique diagonale κ=10,A,Cauchy_Point,100,success,True,76,153,77,77,307,0.020102299997233786,1.0937471677283652e-13,1.0937471677283652e-13,9.009233758549992e-07,
A01,Quadratique diagonale κ=10,A,Dogleg,100,success,True,4,9,5,5,19,0.08459160001075361,2.1571493852597773e-24,2.1571493852597773e-24,4.305363217984337e-12,
A01,Quadratique diagonale κ=10,A,Steihaug_CG,100,success,True,13,27,14,14,55,0.006060200001229532,1.3203135347473445e-18,1.3203135347473445e-18,3.864067725522382e-09,
A01,Quadratique diagonale κ=10,A,BFGS_Armijo,100,success,True,84,422,167,0,589,0.04794190000393428,4.639373417804406e-14,4.639373417804406e-14,9.823575531332321e-07,
A01,Quadratique diagonale κ=10,A,BFGS_Wolfe,100,success,True,28,110,136,0,246,0.015460800001164898,7.427104603349295e-14,7.427104603349295e-14,9.901448286984323e-07,
A01,Quadratique diagonale κ=10,A,Newton_BT,100,success,True,2,5,3,2,10,0.0015893000090727583,0.0,0.0,0.0,
A01,Quadratique diagonale κ=10,A,Cauchy_Point,500,success,True,79,159,80,80,319,0.05470919999061152,1.2136776335635457e-13,1.2136776335635457e-13,9.575917865387322e-07,
A01,Quadratique diagonale κ=10,A,Dogleg,500,success,True,5,11,6,6,23,0.09809869999298826,1.0940606539209536e-23,1.0940606539209536e-23,9.929566443868256e-12,
A01,Quadratique diagonale κ=10,A,Steihaug_CG,500,success,True,15,31,16,16,63,0.012824899997212924,1.0637999094478274e-16,1.0637999094478274e-16,4.059406416018957e-08,
A01,Quadratique diagonale κ=10,A,BFGS_Armijo,500,success,True,95,477,189,0,666,1.1878369000041857,4.7152349693963235e-14,4.7152349693963235e-14,8.579257947972013e-07,
A01,Quadratique diagonale κ=10,A,BFGS_Wolfe,500,success,True,30,118,146,0,264,0.28549999999813735,5.502145039509943e-14,5.502145039509943e-14,7.39481805917563e-07,
A01,Quadratique diagonale κ=10,A,Newton_BT,500,success,True,2,5,3,2,10,0.007787599999574013,0.0,0.0,0.0,
A01,Quadratique diagonale κ=10,A,Cauchy_Point,1000,success,True,82,165,83,83,331,0.24299040000187233,1.0217873302797539e-13,1.0217873302797539e-13,8.838393313591709e-07,
A01,Quadratique diagonale κ=10,A,Dogleg,1000,success,True,6,13,7,7,27,0.47701970000343863,2.178251510265211e-24,2.178251510265211e-24,4.038673239652329e-12,
A01,Quadratique diagonale κ=10,A,Steihaug_CG,1000,success,True,16,33,17,17,67,0.06126800000492949,7.899464667213126e-19,7.899464667213126e-19,3.333154582850801e-09,
A01,Quadratique diagonale κ=10,A,BFGS_Armijo,1000,success,True,97,487,193,0,680,4.910001699987333,5.0969186206355345e-14,5.0969186206355345e-14,8.631970143364915e-07,
A01,Quadratique diagonale κ=10,A,BFGS_Wolfe,1000,success,True,30,118,146,0,264,1.542177700001048,6.592935028416365e-14,6.592935028416365e-14,9.124596447989543e-07,
A01,Quadratique diagonale κ=10,A,Newton_BT,1000,success,True,2,5,3,2,10,0.021747000006143935,0.0,0.0,0.0,
A02,Quadratique diagonale κ=1000,A,Cauchy_Point,10,max_iter_or_not_converged,False,1000,2001,1001,1000,4002,0.07877019999432378,0.018346233118923975,0.018346233118923975,0.37254074760339073,
A02,Quadratique diagonale κ=1000,A,Dogleg,10,success,True,3,7,4,4,15,0.0006128000095486641,3.063687297373889e-26,3.063687297373889e-26,5.24370142410546e-13,
A02,Quadratique diagonale κ=1000,A,Steihaug_CG,10,success,True,13,27,14,14,55,0.0016644999996060506,2.848598595238789e-37,2.848598595238789e-37,3.304901078231224e-17,
A02,Quadratique diagonale κ=1000,A,BFGS_Armijo,10,success,True,16,131,31,0,162,0.00291579999611713,2.5087259144177333e-21,2.5087259144177333e-21,3.533973636752714e-10,
A02,Quadratique diagonale κ=1000,A,BFGS_Wolfe,10,success,True,11,42,51,0,93,0.0018697000050451607,3.795411601392392e-24,3.795411601392392e-24,1.1520645389793009e-10,
A02,Quadratique diagonale κ=1000,A,Newton_BT,10,success,True,2,5,3,2,10,0.0002469999890308827,0.0,0.0,0.0,
A02,Quadratique diagonale κ=1000,A,Cauchy_Point,50,max_iter_or_not_converged,False,1000,2001,1001,1000,4002,0.08405810000840575,0.018556752193231645,0.018556752193231645,0.3920259751684565,
A02,Quadratique diagonale κ=1000,A,Dogleg,50,success,True,4,9,5,5,19,0.006284600007347763,2.6376503566475257e-26,2.6376503566475257e-26,9.161367263623238e-13,
A02,Quadratique diagonale κ=1000,A,Steihaug_CG,50,success,True,17,35,18,18,71,0.0030279000056907535,7.0150940177739555e-15,7.0150940177739555e-15,5.694141279238894e-07,
A02,Quadratique diagonale κ=1000,A,BFGS_Armijo,50,success,True,62,631,123,0,754,0.015111500004422851,2.6495109533688947e-18,2.6495109533688947e-18,5.226797741898796e-08,
A02,Quadratique diagonale κ=1000,A,BFGS_Wolfe,50,success,True,48,190,236,0,426,0.010221100004855543,8.391621161231909e-17,8.391621161231909e-17,3.824169956967192e-07,
A02,Quadratique diagonale κ=1000,A,Newton_BT,50,success,True,2,5,3,2,10,0.0016008000093279406,0.0,0.0,0.0,
A02,Quadratique diagonale κ=1000,A,Cauchy_Point,100,max_iter_or_not_converged,False,1000,2001,1001,1000,4002,0.24776959999871906,0.018624949349826735,0.018624949349826735,0.3881699824233545,
A02,Quadratique diagonale κ=1000,A,Dogleg,100,success,True,4,9,5,5,19,0.01344049999897834,3.260329600528854e-25,3.260329600528854e-25,4.826586720471745e-12,
A02,Quadratique diagonale κ=1000,A,Steihaug_CG,100,success,True,19,39,20,20,79,0.021059700011392124,8.608379668569913e-20,8.608379668569913e-20,6.6521062704205695e-09,
A02,Quadratique diagonale κ=1000,A,BFGS_Armijo,100,success,True,115,1239,229,0,1468,0.07305370000540279,4.1364090667656894e-17,4.1364090667656894e-17,2.2991657822989632e-07,
A02,Quadratique diagonale κ=1000,A,BFGS_Wolfe,100,success,True,71,282,351,0,633,0.03930299999774434,1.008748619531625e-15,1.008748619531625e-15,9.688647220682851e-07,
A02,Quadratique diagonale κ=1000,A,Newton_BT,100,success,True,2,5,3,2,10,0.0014676999999210238,0.0,0.0,0.0,
A02,Quadratique diagonale κ=1000,A,Cauchy_Point,500,max_iter_or_not_converged,False,1000,2001,1001,1000,4002,0.6669617000006838,0.01865643255076104,0.01865643255076104,0.3835128686402615,
A02,Quadratique diagonale κ=1000,A,Dogleg,500,success,True,5,11,6,6,23,0.10058240000216756,7.889005603720639e-25,7.889005603720639e-25,1.1156886799619653e-11,
A02,Quadratique diagonale κ=1000,A,Steihaug_CG,500,success,True,22,45,23,23,91,0.04632039999705739,2.869247143990713e-20,2.869247143990713e-20,2.6111541546221704e-09,
A02,Quadratique diagonale κ=1000,A,BFGS_Armijo,500,max_iter_or_not_converged,False,500,5769,1001,0,6770,4.955982600004063,1.7043044449946222e-11,1.7043044449946222e-11,0.00018892409922111563,
A02,Quadratique diagonale κ=1000,A,BFGS_Wolfe,500,success,True,170,678,846,0,1524,1.4861633000109578,5.786720377598647e-15,5.786720377598647e-15,9.949974533801888e-07,
A02,Quadratique diagonale κ=1000,A,Newton_BT,500,success,True,2,5,3,2,10,0.007304700004169717,0.0,0.0,0.0,
A02,Quadratique diagonale κ=1000,A,Cauchy_Point,1000,max_iter_or_not_converged,False,1000,2001,1001,1000,4002,3.5463620999944396,0.01945789823888649,0.01945789823888649,0.40673504558352047,
A02,Quadratique diagonale κ=1000,A,Dogleg,1000,success,True,6,13,7,7,27,3.2156134999968344,1.946846227762819e-25,1.946846227762819e-25,4.888955251020377e-12,
A02,Quadratique diagonale κ=1000,A,Steihaug_CG,1000,success,True,22,45,23,23,91,0.20788470000843517,5.674597355657233e-21,5.674597355657233e-21,1.468592166351201e-09,
A02,Quadratique diagonale κ=1000,A,BFGS_Armijo,1000,max_iter_or_not_converged,False,500,5664,1001,0,6665,25.038334199998644,0.000665978703562001,0.000665978703562001,0.764028294303252,
A02,Quadratique diagonale κ=1000,A,BFGS_Wolfe,1000,success,True,250,998,1246,0,2244,9.08535049999773,1.1879449816132684e-14,1.1879449816132684e-14,9.60099357865902e-07,
A02,Quadratique diagonale κ=1000,A,Newton_BT,1000,success,True,2,5,3,2,10,0.026675199987948872,0.0,0.0,0.0,
A03,Quadratique diagonale κ=1e+06,A,Cauchy_Point,10,max_iter_or_not_converged,False,1000,2001,1001,1000,4002,0.07535749999806285,0.9960220685751517,0.9960220685751517,2.746284568078858,
A03,Quadratique diagonale κ=1e+06,A,Dogleg,10,success,True,3,7,4,4,15,0.00043670000741258264,3.1327022003784176e-26,3.1327022003784176e-26,2.966264852362897e-11,
A03,Quadratique diagonale κ=1e+06,A,Steihaug_CG,10,success,True,14,29,15,15,59,0.0015380999975604936,6.551074306667818e-29,6.551074306667818e-29,1.605187929712239e-11,
A03,Quadratique diagonale κ=1e+06,A,BFGS_Armijo,10,success,True,15,217,29,0,246,0.003770399998757057,7.930727063316231e-23,7.930727063316231e-23,1.5964763412554092e-08,
A03,Quadratique diagonale κ=1e+06,A,BFGS_Wolfe,10,success,True,12,45,54,0,99,0.0020090999896638095,3.304653210616743e-35,3.304653210616743e-35,1.0500824054657516e-14,
A03,Quadratique diagonale κ=1e+06,A,Newton_BT,10,success,True,2,5,3,2,10,0.00020170000789221376,0.0,0.0,0.0,
A03,Quadratique diagonale κ=1e+06,A,Cauchy_Point,50,max_iter_or_not_converged,False,1000,2001,1001,1000,4002,0.07979109999723732,0.9960345459843468,0.9960345459843468,2.8735085130250884,
A03,Quadratique diagonale κ=1e+06,A,Dogleg,50,success,True,4,9,5,5,19,0.00661240000044927,2.5553138316748023e-26,2.5553138316748023e-26,4.771262025043328e-11,
A03,Quadratique diagonale κ=1e+06,A,Steihaug_CG,50,max_iter_or_not_converged,False,1000,2001,1001,1000,4002,0.09627789999649394,4.085812656498005e-18,4.085812656498005e-18,2.3784342824536e-06,
A03,Quadratique diagonale κ=1e+06,A,BFGS_Armijo,50,success,True,60,1115,119,0,1234,0.02196189999813214,4.245696563745516e-23,4.245696563745516e-23,1.0232567756176521e-08,
A03,Quadratique diagonale κ=1e+06,A,BFGS_Wolfe,50,success,True,52,205,254,0,459,0.011241400003200397,6.35527211534194e-27,6.35527211534194e-27,1.4218938182248561e-10,
A03,Quadratique diagonale κ=1e+06,A,Newton_BT,50,success,True,2,5,3,2,10,0.0018971000099554658,0.0,0.0,0.0,
A03,Quadratique diagonale κ=1e+06,A,Cauchy_Point,100,max_iter_or_not_converged,False,1000,2001,1001,1000,4002,0.23709470000176225,0.9960383343310669,0.9960383343310669,2.8396634853627356,
A03,Quadratique diagonale κ=1e+06,A,Dogleg,100,success,True,4,9,5,5,19,0.011919800002942793,3.416005042646934e-25,3.416005042646934e-25,3.454852013022096e-10,
A03,Quadratique diagonale κ=1e+06,A,Steihaug_CG,100,max_iter_or_not_converged,False,1000,2001,1001,1000,4002,0.3166882999939844,3.070417187496674e-16,3.070417187496674e-16,1.818377012363475e-05,
A03,Quadratique diagonale κ=1e+06,A,BFGS_Armijo,100,success,True,109,2209,217,0,2426,0.08026250000693835,7.664791317868271e-23,7.664791317868271e-23,1.3598870943214916e-08,
A03,Quadratique diagonale κ=1e+06,A,BFGS_Wolfe,100,max_iter_or_not_converged,False,500,2001,2501,0,4502,0.1448822999955155,6.532782034889672e-14,6.532782034889672e-14,0.00039334720837943486,
A03,Quadratique diagonale κ=1e+06,A,Newton_BT,100,success,True,2,5,3,2,10,0.0014658000000054017,0.0,0.0,0.0,
A03,Quadratique diagonale κ=1e+06,A,Cauchy_Point,500,max_iter_or_not_converged,False,1000,2001,1001,1000,4002,0.638919300006819,1.677382386547142,1.677382386547142,103.69580736858924,
A03,Quadratique diagonale κ=1e+06,A,Dogleg,500,success,True,5,11,6,6,23,0.09241779999865685,6.153127049057728e-25,6.153127049057728e-25,6.939866372464695e-10,
A03,Quadratique diagonale κ=1e+06,A,Steihaug_CG,500,max_iter_or_not_converged,False,1000,2001,1001,1000,4002,0.7502500999980839,1.1506291011660429e-17,1.1506291011660429e-17,2.7127560102554698e-06,
A03,Quadratique diagonale κ=1e+06,A,BFGS_Armijo,500,max_iter_or_not_converged,False,500,10585,1001,0,11586,5.265319400001317,2.6631204732645933e-05,2.6631204732645933e-05,6.786449815010248,
A03,Quadratique diagonale κ=1e+06,A,BFGS_Wolfe,500,max_iter_or_not_converged,False,500,2001,2501,0,4502,2.017341900005704,2.2861922508579333e-13,2.2861922508579333e-13,0.000791336621194445,
A03,Quadratique diagonale κ=1e+06,A,Newton_BT,500,success,True,2,5,3,2,10,0.007045499995001592,0.0,0.0,0.0,
A03,Quadratique diagonale κ=1e+06,A,Cauchy_Point,1000,max_iter_or_not_converged,False,1000,2001,1001,1000,4002,2.9467952999984846,20.335257132252277,20.335257132252277,405.8510996618801,
A03,Quadratique diagonale κ=1e+06,A,Dogleg,1000,success,True,6,13,7,7,27,0.41992040000332054,8.995848435461984e-26,8.995848435461984e-26,2.588336721793903e-10,
A03,Quadratique diagonale κ=1e+06,A,Steihaug_CG,1000,success,True,30,61,31,31,123,0.19018029999278951,2.8304207481840335e-17,2.8304207481840335e-17,6.306223559345535e-08,
A03,Quadratique diagonale κ=1e+06,A,BFGS_Armijo,1000,max_iter_or_not_converged,False,500,10713,1001,0,11714,24.427940200010198,4185.62353364372,4185.62353364372,85598.72883696863,
A03,Quadratique diagonale κ=1e+06,A,BFGS_Wolfe,1000,max_iter_or_not_converged,False,500,2001,2501,0,4502,12.624069299999974,5.478939605527033e-13,5.478939605527033e-13,0.0012822740179929619,
A03,Quadratique diagonale κ=1e+06,A,Newton_BT,1000,success,True,2,5,3,2,10,0.022637600006419234,0.0,0.0,0.0,
A04,Quadratique dense κ=1000,A,Cauchy_Point,10,max_iter_or_not_converged,False,1000,2001,1001,1000,4002,0.03213490000052843,0.0042939498473894165,0.0042939498473894165,0.15673957067578384,
A04,Quadratique dense κ=1000,A,Dogleg,10,success,True,3,7,4,4,15,0.00029830000130459666,9.00891870077434e-27,9.00891870077434e-27,4.657021706806447e-13,
A04,Quadratique dense κ=1000,A,Steihaug_CG,10,success,True,12,25,13,13,51,0.0009072000102605671,5.176412549619212e-35,5.176412549619212e-35,1.3867837058654312e-16,
A04,Quadratique dense κ=1000,A,BFGS_Armijo,10,success,True,19,140,37,0,177,0.0013439000031212345,6.010972669335761e-19,6.010972669335761e-19,4.282972103769063e-08,
A04,Quadratique dense κ=1000,A,BFGS_Wolfe,10,success,True,11,42,51,0,93,0.0010162000107811764,3.1951236099815315e-23,3.1951236099815315e-23,3.457177624014897e-10,
A04,Quadratique dense κ=1000,A,Newton_BT,10,success,True,2,5,3,2,10,8.170001092366874e-05,3.992780198268481e-28,3.992780198268481e-28,8.924676771694327e-13,
A04,Quadratique dense κ=1000,A,Cauchy_Point,50,max_iter_or_not_converged,False,1000,2001,1001,1000,4002,0.037217999997665174,0.004897171902502802,0.004897171902502802,0.19882716835204223,
A04,Quadratique dense κ=1000,A,Dogleg,50,success,True,4,9,5,5,19,0.006426299994927831,8.842771168132475e-27,8.842771168132475e-27,8.321133489064563e-13,
A04,Quadratique dense κ=1000,A,Steihaug_CG,50,success,True,16,33,17,17,67,0.0022154999896883965,8.042925069843048e-17,8.042925069843048e-17,2.4686161138564393e-07,
A04,Quadratique dense κ=1000,A,BFGS_Armijo,50,success,True,60,624,119,0,743,0.008598100001108833,1.461026002277774e-20,1.461026002277774e-20,2.160657888264412e-09,
A04,Quadratique dense κ=1000,A,BFGS_Wolfe,50,success,True,48,190,236,0,426,0.006156999996164814,2.036850839894246e-16,2.036850839894246e-16,5.557613880336581e-07,
A04,Quadratique dense κ=1000,A,Newton_BT,50,success,True,2,5,3,2,10,0.0009022000012919307,2.4060499310238932e-26,2.4060499310238932e-26,2.731679390974501e-12,
A04,Quadratique dense κ=1000,A,Cauchy_Point,100,max_iter_or_not_converged,False,1000,2001,1001,1000,4002,0.38060229999246076,0.00930387266338552,0.00930387266338552,0.27462555869758526,
A04,Quadratique dense κ=1000,A,Dogleg,100,success,True,4,9,5,5,19,0.012581700008013286,2.1475889829037326e-25,2.1475889829037326e-25,5.0232960676256044e-12,
A04,Quadratique dense κ=1000,A,Steihaug_CG,100,success,True,19,39,20,20,79,0.020306199992774054,1.2002067710114582e-19,1.2002067710114582e-19,8.904125879657626e-09,
A04,Quadratique dense κ=1000,A,BFGS_Armijo,100,success,True,114,1235,227,0,1462,0.15188340000167955,3.6136121007449024e-18,3.6136121007449024e-18,7.301633103114497e-08,
A04,Quadratique dense κ=1000,A,BFGS_Wolfe,100,success,True,71,282,351,0,633,0.07578450000437442,5.6015653770387e-16,5.6015653770387e-16,7.985609422035812e-07,
A04,Quadratique dense κ=1000,A,Newton_BT,100,success,True,2,5,3,2,10,0.0018877999973483384,2.6442462109209533e-26,2.6442462109209533e-26,4.460427509192063e-12,
A04,Quadratique dense κ=1000,A,Cauchy_Point,500,max_iter_or_not_converged,False,1000,2001,1001,1000,4002,1.0137859999958891,0.09494031534469653,0.09494031534469653,0.858594201705183,
A04,Quadratique dense κ=1000,A,Dogleg,500,success,True,5,11,6,6,23,0.0932230000034906,2.136320067307618e-24,2.136320067307618e-24,1.3688705165764459e-11,
A04,Quadratique dense κ=1000,A,Steihaug_CG,500,success,True,22,45,23,23,91,0.0595002000045497,1.0834722197046299e-19,1.0834722197046299e-19,7.135969785602718e-09,
A04,Quadratique dense κ=1000,A,BFGS_Armijo,500,max_iter_or_not_converged,False,500,5742,1001,0,6743,5.282483999995748,2.127365783023004e-12,2.127365783023004e-12,6.552259848625316e-05,
A04,Quadratique dense κ=1000,A,BFGS_Wolfe,500,success,True,172,686,856,0,1542,1.5460686000005808,6.358771208226092e-15,6.358771208226092e-15,9.676576081782274e-07,
A04,Quadratique dense κ=1000,A,Newton_BT,500,success,True,2,5,3,2,10,0.00788210000609979,5.418332715996515e-25,5.418332715996515e-25,1.8518566485862133e-11,
A04,Quadratique dense κ=1000,A,Cauchy_Point,1000,max_iter_or_not_converged,False,1000,2001,1001,1000,4002,3.587696800008416,0.023807357139197467,0.023807357139197467,0.4428541857627489,
A04,Quadratique dense κ=1000,A,Dogleg,1000,success,True,6,13,7,7,27,0.31949700000404846,2.071967433896922e-25,2.071967433896922e-25,6.35630225170712e-12,
A04,Quadratique dense κ=1000,A,Steihaug_CG,1000,success,True,22,45,23,23,91,0.12733079999452457,1.14188381821585e-16,1.14188381821585e-16,1.4345482588549294e-07,
A04,Quadratique dense κ=1000,A,BFGS_Armijo,1000,max_iter_or_not_converged,False,500,5717,1001,0,6718,25.830027499992866,1.1737558037610205e-05,1.1737558037610205e-05,0.11495386090063255,
A04,Quadratique dense κ=1000,A,BFGS_Wolfe,1000,success,True,235,938,1171,0,2109,9.05937429999176,1.321556987321943e-14,1.321556987321943e-14,9.963335451090874e-07,
A04,Quadratique dense κ=1000,A,Newton_BT,1000,success,True,2,5,3,2,10,0.025690700000268407,1.9028653234622365e-24,1.9028653234622365e-24,3.4224354199454997e-11,
A05,Rosenbrock étendu,A,Cauchy_Point,10,max_iter_or_not_converged,False,1000,2001,1001,1000,4002,0.06144539998786058,1.1213083315324693e-11,1.1213083315324693e-11,3.011470079214629e-06,
A05,Rosenbrock étendu,A,Dogleg,10,success,True,24,49,25,25,99,0.00231280000298284,1.7073085119446543e-19,1.7073085119446543e-19,1.8298947985250474e-08,
A05,Rosenbrock étendu,A,Steihaug_CG,10,success,True,48,97,49,49,195,0.0038548000011360273,5.382683287244407e-16,5.382683287244407e-16,2.0734729356814812e-08,
A05,Rosenbrock étendu,A,BFGS_Armijo,10,success,True,90,347,179,0,526,0.008863800001563504,2.5849502460922856e-13,2.5849502460922856e-13,5.275676040017145e-07,
A05,Rosenbrock étendu,A,BFGS_Wolfe,10,success,True,92,405,534,0,939,0.01604109999607317,2.970977314406845e-14,2.970977314406845e-14,9.540404003604628e-07,
A05,Rosenbrock étendu,A,Newton_BT,10,success,True,22,72,43,22,137,0.001902100004372187,1.8719878215697368e-20,1.8719878215697368e-20,1.000266576994362e-09,
A05,Rosenbrock étendu,A,Cauchy_Point,50,max_iter_or_not_converged,False,1000,2001,1001,1000,4002,0.09059350000461563,0.07650849272565653,0.07650849272565653,0.43484437234244777,
A05,Rosenbrock étendu,A,Dogleg,50,success,True,25,51,26,26,103,0.03267230000346899,1.9784559689637582e-19,1.9784559689637582e-19,1.9788999027120293e-08,
A05,Rosenbrock étendu,A,Steihaug_CG,50,success,True,40,81,41,41,163,0.004426699990290217,7.174799633954735e-24,7.174799633954735e-24,1.190287282225635e-10,
A05,Rosenbrock étendu,A,BFGS_Armijo,50,max_iter_or_not_converged,False,500,1868,1001,0,2869,0.05107230000430718,1.8445013230006795e-10,1.8445013230006795e-10,1.412227067519469e-05,
A05,Rosenbrock étendu,A,BFGS_Wolfe,50,exception,False,0,1120,1477,0,2597,0.0537629000027664,nan,nan,nan,ZeroDivisionError: float division by zero
A05,Rosenbrock étendu,A,Newton_BT,50,success,True,22,72,43,22,137,0.01494559999264311,9.359939107848684e-20,9.359939107848684e-20,2.236664061780421e-09,
A05,Rosenbrock étendu,A,Cauchy_Point,100,max_iter_or_not_converged,False,1000,2001,1001,1000,4002,0.27391370000259485,0.03350713153739056,0.03350713153739056,0.18889364775857606,
A05,Rosenbrock étendu,A,Dogleg,100,success,True,26,53,27,27,107,0.08533289999468252,4.99070482508526e-18,4.99070482508526e-18,8.676700264081031e-08,
A05,Rosenbrock étendu,A,Steihaug_CG,100,success,True,44,89,45,45,179,0.01540269999532029,7.14905195356542e-29,7.14905195356542e-29,3.5671173797921076e-13,
A05,Rosenbrock étendu,A,BFGS_Armijo,100,max_iter_or_not_converged,False,500,2251,1001,0,3252,0.19580309999582823,2.676393056450047e-10,2.676393056450047e-10,1.8893939130418282e-05,
A05,Rosenbrock étendu,A,BFGS_Wolfe,100,exception,False,0,1691,2253,0,3944,0.21247939999739174,nan,nan,nan,ZeroDivisionError: float division by zero
A05,Rosenbrock étendu,A,Newton_BT,100,success,True,22,72,43,22,137,0.031804800004465505,1.8719878215697368e-19,1.8719878215697368e-19,3.1631206506423656e-09,
A05,Rosenbrock étendu,A,Cauchy_Point,500,max_iter_or_not_converged,False,1000,2001,1001,1000,4002,0.908829699998023,0.5600908513873459,0.5600908513873459,0.8462249221960383,
A05,Rosenbrock étendu,A,Dogleg,500,success,True,23,47,24,24,95,0.4160641999915242,2.0766510930790336e-14,2.0766510930790336e-14,1.4830631162505104e-07,
A05,Rosenbrock étendu,A,Steihaug_CG,500,success,True,35,71,36,36,143,0.03585489999386482,3.848713591035869e-16,3.848713591035869e-16,1.7533020039913247e-08,
A05,Rosenbrock étendu,A,BFGS_Armijo,500,max_iter_or_not_converged,False,500,4492,1001,0,5493,5.128472000011243,1.0543730724271152,1.0543730724271152,5.989730402517939,
A05,Rosenbrock étendu,A,BFGS_Wolfe,500,max_iter_or_not_converged,False,500,2801,4101,0,6902,5.166148000003886,1.406548831502732,1.406548831502732,7.921674718210776,
A05,Rosenbrock étendu,A,Newton_BT,500,success,True,22,72,43,22,137,0.16011789999902248,9.359939107848684e-19,9.359939107848684e-19,7.0729527958696925e-09,
A05,Rosenbrock étendu,A,Cauchy_Point,1000,max_iter_or_not_converged,False,1000,2001,1001,1000,4002,3.566939700001967,2.908329231363548,2.908329231363548,2.145166166745583,
A05,Rosenbrock étendu,A,Dogleg,1000,success,True,27,55,28,28,111,1.5449510000034934,4.6992690643048555e-26,4.6992690643048555e-26,1.852609304546845e-12,
A05,Rosenbrock étendu,A,Steihaug_CG,1000,max_iter_or_not_converged,False,1000,2001,1001,1000,4002,3.599016499996651,6.452686709157423e-16,6.452686709157423e-16,1.1287805502346483e-06,
A05,Rosenbrock étendu,A,BFGS_Armijo,1000,max_iter_or_not_converged,False,500,4948,1001,0,5949,24.210523500005365,8.973603740459293,8.973603740459293,31.44696527025928,
A05,Rosenbrock étendu,A,BFGS_Wolfe,1000,max_iter_or_not_converged,False,500,3133,4765,0,7898,24.945135999994818,22.86050445836622,22.86050445836622,31.557270855301,
A05,Rosenbrock étendu,A,Newton_BT,1000,success,True,22,72,43,22,137,0.3975309999950696,1.871987821569737e-18,1.871987821569737e-18,1.0002665769943624e-08,
A06,Wood (n=4),A,Cauchy_Point,4,max_iter_or_not_converged,False,1000,2001,1001,1000,4002,0.032954499998595566,7.876949743400971,7.876949743400971,0.005741901440465593,
A06,Wood (n=4),A,Dogleg,4,max_iter_or_not_converged,False,1000,2001,1001,1000,4002,0.04820949998975266,7.867818486522623,7.867818486522623,0.05645524775176033,
A06,Wood (n=4),A,Steihaug_CG,4,success,True,109,219,110,110,439,0.006730299995979294,3.6166706714237593e-16,3.6166706714237593e-16,8.316807651165364e-07,
A06,Wood (n=4),A,BFGS_Armijo,4,success,True,29,121,57,0,178,0.0017913000046974048,2.5918604805587613e-19,2.5918604805587613e-19,6.79159933902929e-09,
A06,Wood (n=4),A,BFGS_Wolfe,4,success,True,33,153,207,0,360,0.0032343999919248745,9.356272588416933e-16,9.356272588416933e-16,8.921837888754868e-07,
A06,Wood (n=4),A,Newton_BT,4,max_iter_or_not_converged,False,100,1134,200,100,1434,0.006852300008176826,7.876474601290843,7.876474601290843,0.0157169287908278,
A06,Wood (n=4),A,Cauchy_Point,4,max_iter_or_not_converged,False,1000,2001,1001,1000,4002,0.033005599994794466,7.876949743400971,7.876949743400971,0.005741901440465593,
A06,Wood (n=4),A,Dogleg,4,max_iter_or_not_converged,False,1000,2001,1001,1000,4002,0.04923269999562763,7.867818486522623,7.867818486522623,0.05645524775176033,
A06,Wood (n=4),A,Steihaug_CG,4,success,True,109,219,110,110,439,0.0065821000025607646,3.6166706714237593e-16,3.6166706714237593e-16,8.316807651165364e-07,
A06,Wood (n=4),A,BFGS_Armijo,4,success,True,29,121,57,0,178,0.001716600003419444,2.5918604805587613e-19,2.5918604805587613e-19,6.79159933902929e-09,
A06,Wood (n=4),A,BFGS_Wolfe,4,success,True,33,153,207,0,360,0.0033798999938881025,9.356272588416933e-16,9.356272588416933e-16,8.921837888754868e-07,
A06,Wood (n=4),A,Newton_BT,4,max_iter_or_not_converged,False,100,1134,200,100,1434,0.006490999992820434,7.876474601290843,7.876474601290843,0.0157169287908278,
A06,Wood (n=4),A,Cauchy_Point,4,max_iter_or_not_converged,False,1000,2001,1001,1000,4002,0.03265259999898262,7.876949743400971,7.876949743400971,0.005741901440465593,
A06,Wood (n=4),A,Dogleg,4,max_iter_or_not_converged,False,1000,2001,1001,1000,4002,0.04956270000548102,7.867818486522623,7.867818486522623,0.05645524775176033,
A06,Wood (n=4),A,Steihaug_CG,4,success,True,109,219,110,110,439,0.00671169999986887,3.6166706714237593e-16,3.6166706714237593e-16,8.316807651165364e-07,
A06,Wood (n=4),A,BFGS_Armijo,4,success,True,29,121,57,0,178,0.0015293000033125281,2.5918604805587613e-19,2.5918604805587613e-19,6.79159933902929e-09,
A06,Wood (n=4),A,BFGS_Wolfe,4,success,True,33,153,207,0,360,0.0031567000114591792,9.356272588416933e-16,9.356272588416933e-16,8.921837888754868e-07,
A06,Wood (n=4),A,Newton_BT,4,max_iter_or_not_converged,False,100,1134,200,100,1434,0.006593500002054498,7.876474601290843,7.876474601290843,0.0157169287908278,
A06,Wood (n=4),A,Cauchy_Point,4,max_iter_or_not_converged,False,1000,2001,1001,1000,4002,0.03353790000255685,7.876949743400971,7.876949743400971,0.005741901440465593,
A06,Wood (n=4),A,Dogleg,4,max_iter_or_not_converged,False,1000,2001,1001,1000,4002,0.04798000000300817,7.867818486522623,7.867818486522623,0.05645524775176033,
A06,Wood (n=4),A,Steihaug_CG,4,success,True,109,219,110,110,439,0.0065756000112742186,3.6166706714237593e-16,3.6166706714237593e-16,8.316807651165364e-07,
A06,Wood (n=4),A,BFGS_Armijo,4,success,True,29,121,57,0,178,0.0015650999994250014,2.5918604805587613e-19,2.5918604805587613e-19,6.79159933902929e-09,
A06,Wood (n=4),A,BFGS_Wolfe,4,success,True,33,153,207,0,360,0.0032423999946331605,9.356272588416933e-16,9.356272588416933e-16,8.921837888754868e-07,
A06,Wood (n=4),A,Newton_BT,4,max_iter_or_not_converged,False,100,1134,200,100,1434,0.006482800003141165,7.876474601290843,7.876474601290843,0.0157169287908278,
A06,Wood (n=4),A,Cauchy_Point,4,max_iter_or_not_converged,False,1000,2001,1001,1000,4002,0.03235970000969246,7.876949743400971,7.876949743400971,0.005741901440465593,
A06,Wood (n=4),A,Dogleg,4,max_iter_or_not_converged,False,1000,2001,1001,1000,4002,0.04819180000049528,7.867818486522623,7.867818486522623,0.05645524775176033,
A06,Wood (n=4),A,Steihaug_CG,4,success,True,109,219,110,110,439,0.006654500000877306,3.6166706714237593e-16,3.6166706714237593e-16,8.316807651165364e-07,
A06,Wood (n=4),A,BFGS_Armijo,4,success,True,29,121,57,0,178,0.0015168000099947676,2.5918604805587613e-19,2.5918604805587613e-19,6.79159933902929e-09,
A06,Wood (n=4),A,BFGS_Wolfe,4,success,True,33,153,207,0,360,0.0032383000070694834,9.356272588416933e-16,9.356272588416933e-16,8.921837888754868e-07,
A06,Wood (n=4),A,Newton_BT,4,max_iter_or_not_converged,False,100,1134,200,100,1434,0.006563299990375526,7.876474601290843,7.876474601290843,0.0157169287908278,
A07,Quadratique spectre géométrique κ=10000.0,A,Cauchy_Point,10,max_iter_or_not_converged,False,1000,2001,1001,1000,4002,0.032325000007404014,1.6635902689593938,1.6635902689593938,7.5446546757909365,
A07,Quadratique spectre géométrique κ=10000.0,A,Dogleg,10,success,True,3,7,4,4,15,0.0002700000040931627,4.552652512777423e-26,4.552652512777423e-26,8.785563963677244e-13,
A07,Quadratique spectre géométrique κ=10000.0,A,Steihaug_CG,10,max_iter_or_not_converged,False,1000,2001,1001,1000,4002,0.04535339999711141,2.392581057581644e-16,2.392581057581644e-16,3.0935934880930576e-06,
A07,Quadratique spectre géométrique κ=10000.0,A,BFGS_Armijo,10,success,True,17,120,33,0,153,0.0012042000016663224,9.412880162223227e-17,9.412880162223227e-17,1.6767582760025837e-07,
A07,Quadratique spectre géométrique κ=10000.0,A,BFGS_Wolfe,10,success,True,11,42,51,0,93,0.0009475999977439642,4.876052650125603e-21,4.876052650125603e-21,1.3764160237983151e-08,
A07,Quadratique spectre géométrique κ=10000.0,A,Newton_BT,10,success,True,2,5,3,2,10,8.289999095723033e-05,0.0,0.0,0.0,
A07,Quadratique spectre géométrique κ=10000.0,A,Cauchy_Point,50,max_iter_or_not_converged,False,1000,2001,1001,1000,4002,0.03684780000185128,9.289246633783872,9.289246633783872,15.85765659041326,
A07,Quadratique spectre géométrique κ=10000.0,A,Dogleg,50,success,True,4,9,5,5,19,0.0054066000011516735,9.841810381371911e-26,9.841810381371911e-26,1.5335622086608803e-12,
A07,Quadratique spectre géométrique κ=10000.0,A,Steihaug_CG,50,success,True,21,43,22,22,87,0.008352600008947775,1.6223164557134905e-16,1.6223164557134905e-16,2.0488671537406777e-07,
A07,Quadratique spectre géométrique κ=10000.0,A,BFGS_Armijo,50,success,True,66,548,131,0,679,0.007775899997795932,4.917595781098145e-16,4.917595781098145e-16,4.6910776998113727e-07,
A07,Quadratique spectre géométrique κ=10000.0,A,BFGS_Wolfe,50,success,True,51,202,251,0,453,0.006626699992921203,1.6328321114087972e-23,1.6328321114087972e-23,7.908197737491118e-10,
A07,Quadratique spectre géométrique κ=10000.0,A,Newton_BT,50,success,True,2,5,3,2,10,0.0016010999970603734,0.0,0.0,0.0,
A07,Quadratique spectre géométrique κ=10000.0,A,Cauchy_Point,100,max_iter_or_not_converged,False,1000,2001,1001,1000,4002,0.3823034000088228,18.42303407142671,18.42303407142671,22.580810666043135,
A07,Quadratique spectre géométrique κ=10000.0,A,Dogleg,100,success,True,4,9,5,5,19,0.014476700001978315,1.1360606620655142e-24,1.1360606620655142e-24,5.331420163261372e-12,
A07,Quadratique spectre géométrique κ=10000.0,A,Steihaug_CG,100,success,True,21,43,22,22,87,0.06270760000916198,4.2098557400579404e-16,4.2098557400579404e-16,2.3254288186962327e-07,
A07,Quadratique spectre géométrique κ=10000.0,A,BFGS_Armijo,100,success,True,117,1060,233,0,1293,0.14069620000373106,4.555864010450526e-17,4.555864010450526e-17,1.8811952930919729e-07,
A07,Quadratique spectre géométrique κ=10000.0,A,BFGS_Wolfe,100,success,True,95,378,471,0,849,0.10580540000228211,2.6612721009934175e-14,2.6612721009934175e-14,5.063080003033039e-07,
A07,Quadratique spectre géométrique κ=10000.0,A,Newton_BT,100,success,True,2,5,3,2,10,0.0018535999988671392,0.0,0.0,0.0,
A07,Quadratique spectre géométrique κ=10000.0,A,Cauchy_Point,500,max_iter_or_not_converged,False,1000,2001,1001,1000,4002,0.9525865000032354,91.55529987152357,91.55529987152357,50.27829993102448,
A07,Quadratique spectre géométrique κ=10000.0,A,Dogleg,500,success,True,5,11,6,6,23,0.09324719999858644,6.5062507271249e-24,6.5062507271249e-24,1.2806518427775105e-11,
A07,Quadratique spectre géométrique κ=10000.0,A,Steihaug_CG,500,success,True,24,49,25,25,99,0.1413758999988204,1.325086139299632e-20,1.325086139299632e-20,1.3702087203106084e-09,
A07,Quadratique spectre géométrique κ=10000.0,A,BFGS_Armijo,500,success,True,435,4720,869,0,5589,4.9710376000002725,3.0935011045193637e-15,3.0935011045193637e-15,4.5863604400372597e-07,
A07,Quadratique spectre géométrique κ=10000.0,A,BFGS_Wolfe,500,success,True,339,1354,1691,0,3045,3.441948699997738,7.747612263250374e-14,7.747612263250374e-14,9.570783750052996e-07,
A07,Quadratique spectre géométrique κ=10000.0,A,Newton_BT,500,success,True,2,5,3,2,10,0.01411299999745097,0.0,0.0,0.0,
A07,Quadratique spectre géométrique κ=10000.0,A,Cauchy_Point,1000,max_iter_or_not_converged,False,1000,2001,1001,1000,4002,3.4661993000045186,182.70377739258151,182.70377739258151,73.08635774482849,
A07,Quadratique spectre géométrique κ=10000.0,A,Dogleg,1000,success,True,6,13,7,7,27,0.31782989999919664,2.5706877903473034e-24,2.5706877903473034e-24,8.03215349741383e-12,
A07,Quadratique spectre géométrique κ=10000.0,A,Steihaug_CG,1000,success,True,24,49,25,25,99,0.25026669999351725,5.393853490139109e-16,5.393853490139109e-16,5.121086174815544e-07,
A07,Quadratique spectre géométrique κ=10000.0,A,BFGS_Armijo,1000,max_iter_or_not_converged,False,500,6516,1001,0,7517,26.174496499996167,0.00589258933614115,0.00589258933614115,2.5243495664803213,
A07,Quadratique spectre géométrique κ=10000.0,A,BFGS_Wolfe,1000,max_iter_or_not_converged,False,500,2001,2501,0,4502,23.7729920999991,7.559778436561111e-13,7.559778436561111e-13,3.6192646365602617e-06,
A07,Quadratique spectre géométrique κ=10000.0,A,Newton_BT,1000,success,True,2,5,3,2,10,0.026122299997950904,0.0,0.0,0.0,
A08,Beale (n=2),A,Cauchy_Point,2,max_iter_or_not_converged,False,1000,2001,1001,1000,4002,0.05195560000720434,14.203125,14.203125,27.75,
A08,Beale (n=2),A,Dogleg,2,max_iter_or_not_converged,False,1000,2001,1001,1000,4002,0.06635670000105165,14.203125,14.203125,27.75,
A08,Beale (n=2),A,Steihaug_CG,2,max_iter_or_not_converged,False,1000,2001,1001,1000,4002,0.06347619999723975,14.203125,14.203125,27.75,
A08,Beale (n=2),A,BFGS_Armijo,2,max_iter_or_not_converged,False,500,24501,1001,0,25502,0.09291269999812357,14.203125002735812,14.203125002735812,27.750000006753265,
A08,Beale (n=2),A,BFGS_Wolfe,2,max_iter_or_not_converged,False,500,5501,9001,0,14502,0.1511270000046352,14.203125,14.203125,27.75,
A08,Beale (n=2),A,Newton_BT,2,max_iter_or_not_converged,False,100,4901,200,100,5201,0.021670400004950352,14.203125000547162,14.203125000547162,27.750000001350653,
A08,Beale (n=2),A,Cauchy_Point,2,max_iter_or_not_converged,False,1000,2001,1001,1000,4002,0.04983749998791609,14.203125,14.203125,27.75,
A08,Beale (n=2),A,Dogleg,2,max_iter_or_not_converged,False,1000,2001,1001,1000,4002,0.06528130000515375,14.203125,14.203125,27.75,
A08,Beale (n=2),A,Steihaug_CG,2,max_iter_or_not_converged,False,1000,2001,1001,1000,4002,0.06285089999437332,14.203125,14.203125,27.75,
A08,Beale (n=2),A,BFGS_Armijo,2,max_iter_or_not_converged,False,500,24501,1001,0,25502,0.09274819999700412,14.203125002735812,14.203125002735812,27.750000006753265,
A08,Beale (n=2),A,BFGS_Wolfe,2,max_iter_or_not_converged,False,500,5501,9001,0,14502,0.14925610000500455,14.203125,14.203125,27.75,
A08,Beale (n=2),A,Newton_BT,2,max_iter_or_not_converged,False,100,4901,200,100,5201,0.021557700005359948,14.203125000547162,14.203125000547162,27.750000001350653,
A08,Beale (n=2),A,Cauchy_Point,2,max_iter_or_not_converged,False,1000,2001,1001,1000,4002,0.049726500001270324,14.203125,14.203125,27.75,
A08,Beale (n=2),A,Dogleg,2,max_iter_or_not_converged,False,1000,2001,1001,1000,4002,0.07100039999932051,14.203125,14.203125,27.75,
A08,Beale (n=2),A,Steihaug_CG,2,max_iter_or_not_converged,False,1000,2001,1001,1000,4002,0.06259249999129679,14.203125,14.203125,27.75,
A08,Beale (n=2),A,BFGS_Armijo,2,max_iter_or_not_converged,False,500,24501,1001,0,25502,0.09223829999973532,14.203125002735812,14.203125002735812,27.750000006753265,
A08,Beale (n=2),A,BFGS_Wolfe,2,max_iter_or_not_converged,False,500,5501,9001,0,14502,0.1511700999981258,14.203125,14.203125,27.75,
A08,Beale (n=2),A,Newton_BT,2,max_iter_or_not_converged,False,100,4901,200,100,5201,0.021981900004902855,14.203125000547162,14.203125000547162,27.750000001350653,
A08,Beale (n=2),A,Cauchy_Point,2,max_iter_or_not_converged,False,1000,2001,1001,1000,4002,0.0494442000053823,14.203125,14.203125,27.75,
A08,Beale (n=2),A,Dogleg,2,max_iter_or_not_converged,False,1000,2001,1001,1000,4002,0.06544069999654312,14.203125,14.203125,27.75,
A08,Beale (n=2),A,Steihaug_CG,2,max_iter_or_not_converged,False,1000,2001,1001,1000,4002,0.0623699999996461,14.203125,14.203125,27.75,
A08,Beale (n=2),A,BFGS_Armijo,2,max_iter_or_not_converged,False,500,24501,1001,0,25502,0.09216810000361875,14.203125002735812,14.203125002735812,27.750000006753265,
A08,Beale (n=2),A,BFGS_Wolfe,2,max_iter_or_not_converged,False,500,5501,9001,0,14502,0.14940119998937007,14.203125,14.203125,27.75,
A08,Beale (n=2),A,Newton_BT,2,max_iter_or_not_converged,False,100,4901,200,100,5201,0.020369499994558282,14.203125000547162,14.203125000547162,27.750000001350653,
A08,Beale (n=2),A,Cauchy_Point,2,max_iter_or_not_converged,False,1000,2001,1001,1000,4002,0.050014699998428114,14.203125,14.203125,27.75,
A08,Beale (n=2),A,Dogleg,2,max_iter_or_not_converged,False,1000,2001,1001,1000,4002,0.06548770000517834,14.203125,14.203125,27.75,
A08,Beale (n=2),A,Steihaug_CG,2,max_iter_or_not_converged,False,1000,2001,1001,1000,4002,0.06267739999748301,14.203125,14.203125,27.75,
A08,Beale (n=2),A,BFGS_Armijo,2,max_iter_or_not_converged,False,500,24501,1001,0,25502,0.09459079999942333,14.203125002735812,14.203125002735812,27.750000006753265,
A08,Beale (n=2),A,BFGS_Wolfe,2,max_iter_or_not_converged,False,500,5501,9001,0,14502,0.14927709999028593,14.203125,14.203125,27.75,
A08,Beale (n=2),A,Newton_BT,2,max_iter_or_not_converged,False,100,4901,200,100,5201,0.02113130000361707,14.203125000547162,14.203125000547162,27.750000001350653,
A09,Powell étendu (n multiple de 4),A,Cauchy_Point,8,max_iter_or_not_converged,False,1000,2001,1001,1000,4002,0.051676100003533065,5.673864278730352e-05,5.673864278730352e-05,0.006593627291339428,
A09,Powell étendu (n multiple de 4),A,Dogleg,8,success,True,17,35,18,18,71,0.0013397000002441928,3.0689176794017514e-10,3.0689176794017514e-10,6.138028731287755e-07,
A09,Powell étendu (n multiple de 4),A,Steihaug_CG,8,success,True,21,43,22,22,87,0.001927099991007708,6.36985377742534e-10,6.36985377742534e-10,8.841701433333552e-07,
A09,Powell étendu (n multiple de 4),A,BFGS_Armijo,8,success,True,32,127,63,0,190,0.0026477000064915046,6.830383102038482e-10,6.830383102038482e-10,9.241875414289877e-07,
A09,Powell étendu (n multiple de 4),A,BFGS_Wolfe,8,success,True,33,114,127,0,241,0.0040197999915108085,3.4270033766886465e-10,3.4270033766886465e-10,6.592938290998145e-07,
A09,Powell étendu (n multiple de 4),A,Newton_BT,8,success,True,18,53,35,18,106,0.0011885999992955476,3.4170415202077054e-10,3.4170415202077054e-10,6.69284194024782e-07,
A09,Powell étendu (n multiple de 4),A,Cauchy_Point,48,max_iter_or_not_converged,False,1000,2001,1001,1000,4002,0.1527936999918893,0.0003816005884911284,0.0003816005884911284,0.017040915831614566,
A09,Powell étendu (n multiple de 4),A,Dogleg,48,success,True,18,37,19,19,75,0.02360960000078194,7.235764420922283e-10,7.235764420922283e-10,7.456332385290279e-07,
A09,Powell étendu (n multiple de 4),A,Steihaug_CG,48,success,True,21,43,22,22,87,0.004314299992984161,9.055193397479451e-10,9.055193397479451e-10,7.12171859243229e-07,
A09,Powell étendu (n multiple de 4),A,BFGS_Armijo,48,max_iter_or_not_converged,False,500,2978,1001,0,3979,0.1170531999960076,4.4791456607828924e-09,4.4791456607828924e-09,2.6354641550370828e-06,
A09,Powell étendu (n multiple de 4),A,BFGS_Wolfe,48,success,True,99,376,450,0,826,0.03576430000248365,6.361413827591469e-10,6.361413827591469e-10,5.843677014075121e-07,
A09,Powell étendu (n multiple de 4),A,Newton_BT,48,success,True,19,56,37,19,112,0.014994099998148158,4.049826986904408e-10,4.049826986904408e-10,4.857495609684635e-07,
A09,Powell étendu (n multiple de 4),A,Cauchy_Point,100,max_iter_or_not_converged,False,1000,2001,1001,1000,4002,0.4328492000058759,0.002323370615454618,0.002323370615454618,0.0206617068230073,
A09,Powell étendu (n multiple de 4),A,Dogleg,100,success,True,19,39,20,20,79,0.06279389999690466,4.885981323409198e-10,4.885981323409198e-10,4.619453900177291e-07,
A09,Powell étendu (n multiple de 4),A,Steihaug_CG,100,success,True,22,45,23,23,91,0.014712200005305931,1.0303822000696128e-09,1.0303822000696128e-09,6.535481480813996e-07,
A09,Powell étendu (n multiple de 4),A,BFGS_Armijo,100,max_iter_or_not_converged,False,500,1742,1001,0,2743,0.24605580000206828,7.581343235853504e-09,7.581343235853504e-09,3.0340544933353356e-06,
A09,Powell étendu (n multiple de 4),A,BFGS_Wolfe,100,success,True,129,469,546,0,1015,0.1199274999962654,3.2254787889089023e-10,3.2254787889089023e-10,7.718219594490225e-07,
A09,Powell étendu (n multiple de 4),A,Newton_BT,100,success,True,19,56,37,19,112,0.031316100008552894,8.437139556050849e-10,8.437139556050849e-10,7.011190994597892e-07,
A09,Powell étendu (n multiple de 4),A,Cauchy_Point,500,max_iter_or_not_converged,False,1000,2001,1001,1000,4002,2.1285980000102427,0.015628367926039465,0.015628367926039465,0.10168149884966284,
A09,Powell étendu (n multiple de 4),A,Dogleg,500,success,True,21,43,22,22,87,0.41767260000051465,4.984042309194046e-10,4.984042309194046e-10,3.1250036828623153e-07,
A09,Powell étendu (n multiple de 4),A,Steihaug_CG,500,success,True,24,49,25,25,99,0.057263399998191744,7.995845697098242e-10,7.995845697098242e-10,3.6183599106390226e-07,
A09,Powell étendu (n multiple de 4),A,BFGS_Armijo,500,max_iter_or_not_converged,False,500,4100,1001,0,5101,3.186021699992125,3.84452506877418e-08,3.84452506877418e-08,7.786347711498183e-06,
A09,Powell étendu (n multiple de 4),A,BFGS_Wolfe,500,max_iter_or_not_converged,False,500,2015,2526,0,4541,3.4322477000096114,5.1633248398057e-09,5.1633248398057e-09,3.1042696708400703e-06,
A09,Powell étendu (n multiple de 4),A,Newton_BT,500,success,True,20,59,39,20,118,0.17661650000081863,8.332977339319072e-10,8.332977339319072e-10,4.64518508659507e-07,
A09,Powell étendu (n multiple de 4),A,Cauchy_Point,1000,max_iter_or_not_converged,False,1000,2001,1001,1000,4002,5.468462699995143,0.004982872993126653,0.004982872993126653,0.06226328855456665,
A09,Powell étendu (n multiple de 4),A,Dogleg,1000,success,True,21,43,22,22,87,1.1938692999974592,2.3007350826780866e-09,2.3007350826780866e-09,8.315634529215902e-07,
A09,Powell étendu (n multiple de 4),A,Steihaug_CG,1000,success,True,27,55,28,28,111,0.1723591000045417,1.1486205521117769e-09,1.1486205521117769e-09,4.054953551210753e-07,
A09,Powell étendu (n multiple de 4),A,BFGS_Armijo,1000,max_iter_or_not_converged,False,500,3866,1001,0,4867,13.255386100005126,4.545322126991922e-09,4.545322126991922e-09,1.3038259736525574e-05,
A09,Powell étendu (n multiple de 4),A,BFGS_Wolfe,1000,max_iter_or_not_converged,False,500,1988,2473,0,4461,13.111961500006146,4.171153842348138e-09,4.171153842348138e-09,3.837572356112346e-06,
A09,Powell étendu (n multiple de 4),A,Newton_BT,1000,success,True,20,59,39,20,118,0.4081214000034379,1.666595467863823e-09,1.666595467863823e-09,6.569283749195988e-07,
A10,Quadratique κ=n² (croissant avec dim),A,Cauchy_Point,10,success,True,742,1485,743,743,2971,0.05723539998871274,1.2972004970299918e-13,1.2972004970299918e-13,9.863274020782102e-07,
A10,Quadratique κ=n² (croissant avec dim),A,Dogleg,10,success,True,3,7,4,4,15,0.0006114999996498227,3.211850644688662e-26,3.211850644688662e-26,5.286828788224631e-13,
A10,Quadratique κ=n² (croissant avec dim),A,Steihaug_CG,10,success,True,12,25,13,13,51,0.0016089999990072101,7.597708901838128e-42,7.597708901838128e-42,3.628717409476303e-20,
A10,Quadratique κ=n² (croissant avec dim),A,BFGS_Armijo,10,success,True,18,107,35,0,142,0.002519600006053224,6.485350851006154e-17,6.485350851006154e-17,1.1048247180769177e-07,
A10,Quadratique κ=n² (croissant avec dim),A,BFGS_Wolfe,10,success,True,11,42,51,0,93,0.002101799997035414,2.7716426350594015e-27,2.7716426350594015e-27,8.824590188892792e-13,
A10,Quadratique κ=n² (croissant avec dim),A,Newton_BT,10,success,True,2,5,3,2,10,0.0003254000039305538,0.0,0.0,0.0,
A10,Quadratique κ=n² (croissant avec dim),A,Cauchy_Point,50,max_iter_or_not_converged,False,1000,2001,1001,1000,4002,0.0818033999967156,0.2031023393945166,0.2031023393945166,1.2973234968447356,
A10,Quadratique κ=n² (croissant avec dim),A,Dogleg,50,success,True,4,9,5,5,19,0.006326000002445653,2.4971823736603756e-26,2.4971823736603756e-26,9.174990110487424e-13,
A10,Quadratique κ=n² (croissant avec dim),A,Steihaug_CG,50,success,True,18,37,19,19,75,0.0033943000016734004,1.2994585145519983e-15,1.2994585145519983e-15,2.2973547073203623e-07,
A10,Quadratique κ=n² (croissant avec dim),A,BFGS_Armijo,50,success,True,59,684,117,0,801,0.015488999997614883,2.2943572389439256e-18,2.2943572389439256e-18,3.0198714430656736e-08,
A10,Quadratique κ=n² (croissant avec dim),A,BFGS_Wolfe,50,success,True,49,194,241,0,435,0.010129000002052635,4.675759409145667e-17,4.675759409145667e-17,4.5800938310385047e-07,
A10,Quadratique κ=n² (croissant avec dim),A,Newton_BT,50,success,True,2,5,3,2,10,0.001760600003763102,0.0,0.0,0.0,
A10,Quadratique κ=n² (croissant avec dim),A,Cauchy_Point,100,max_iter_or_not_converged,False,1000,2001,1001,1000,4002,0.2293719000008423,0.6717521340925388,0.6717521340925388,2.331944354347537,
A10,Quadratique κ=n² (croissant avec dim),A,Dogleg,100,success,True,4,9,5,5,19,0.01191370000015013,2.5859225502913203e-25,2.5859225502913203e-25,5.879965954159629e-12,
A10,Quadratique κ=n² (croissant avec dim),A,Steihaug_CG,100,success,True,22,45,23,23,91,0.02077380000264384,1.515327723722785e-19,1.515327723722785e-19,4.041157515543232e-08,
A10,Quadratique κ=n² (croissant avec dim),A,BFGS_Armijo,100,success,True,113,1563,225,0,1788,0.07286569999996573,1.2033298400512113e-18,1.2033298400512113e-18,1.5030867510545543e-07,
A10,Quadratique κ=n² (croissant avec dim),A,BFGS_Wolfe,100,success,True,78,310,386,0,696,0.042762900004163384,7.171531262014739e-17,7.171531262014739e-17,8.652443571198557e-07,
A10,Quadratique κ=n² (croissant avec dim),A,Newton_BT,100,success,True,2,5,3,2,10,0.0014808999985689297,0.0,0.0,0.0,
A10,Quadratique κ=n² (croissant avec dim),A,Cauchy_Point,500,max_iter_or_not_converged,False,1000,2001,1001,1000,4002,0.6369266999972751,1.1527864697204826,1.1527864697204826,25.948238032146246,
A10,Quadratique κ=n² (croissant avec dim),A,Dogleg,500,success,True,5,11,6,6,23,0.09395500000391621,3.4942845586591507e-25,3.4942845586591507e-25,1.845173900156777e-10,
A10,Quadratique κ=n² (croissant avec dim),A,Steihaug_CG,500,max_iter_or_not_converged,False,1000,2001,1001,1000,4002,0.8803823000052944,1.30702265918957e-16,1.30702265918957e-16,3.14544898918167e-06,
A10,Quadratique κ=n² (croissant avec dim),A,BFGS_Armijo,500,max_iter_or_not_converged,False,500,9587,1001,0,10588,5.243115700010094,1.5666969583623147e-06,1.5666969583623147e-06,0.8564700250977889,
A10,Quadratique κ=n² (croissant avec dim),A,BFGS_Wolfe,500,max_iter_or_not_converged,False,500,2001,2501,0,4502,1.971647699989262,2.581470811285683e-15,2.581470811285683e-15,4.5154590216066255e-05,
A10,Quadratique κ=n² (croissant avec dim),A,Newton_BT,500,success,True,2,5,3,2,10,0.0073373999912291765,0.0,0.0,0.0,
A10,Quadratique κ=n² (croissant avec dim),A,Cauchy_Point,1000,max_iter_or_not_converged,False,1000,2001,1001,1000,4002,2.884548799993354,20.335257132252277,20.335257132252277,405.8510996618801,
A10,Quadratique κ=n² (croissant avec dim),A,Dogleg,1000,success,True,6,13,7,7,27,0.6174160999944434,8.995848435461984e-26,8.995848435461984e-26,2.588336721793903e-10,
A10,Quadratique κ=n² (croissant avec dim),A,Steihaug_CG,1000,success,True,30,61,31,31,123,0.1923994000098901,2.8304207481840335e-17,2.8304207481840335e-17,6.306223559345535e-08,
A10,Quadratique κ=n² (croissant avec dim),A,BFGS_Armijo,1000,max_iter_or_not_converged,False,500,10713,1001,0,11714,24.144945300009567,4185.62353364372,4185.62353364372,85598.72883696863,
A10,Quadratique κ=n² (croissant avec dim),A,BFGS_Wolfe,1000,max_iter_or_not_converged,False,500,2001,2501,0,4502,12.660191499991925,5.478939605527033e-13,5.478939605527033e-13,0.0012822740179929619,
A10,Quadratique κ=n² (croissant avec dim),A,Newton_BT,1000,success,True,2,5,3,2,10,0.023373399992124178,0.0,0.0,0.0,
A11,Freudenstein-Roth (n=2),A,Cauchy_Point,2,max_iter_or_not_converged,False,1000,2001,1001,1000,4002,0.03120409999974072,49.063773324192965,49.063773324192965,0.6357218545961808,
A11,Freudenstein-Roth (n=2),A,Dogleg,2,success,True,8,17,9,9,35,0.0005807999987155199,48.98425367924001,48.98425367924001,5.0340335653494225e-12,
A11,Freudenstein-Roth (n=2),A,Steihaug_CG,2,success,True,14,29,15,15,59,0.0007191000040620565,48.98425367924004,48.98425367924004,2.8645764864148465e-09,
A11,Freudenstein-Roth (n=2),A,BFGS_Armijo,2,success,True,12,45,23,0,68,0.0005724000075133517,48.98425367924004,48.98425367924004,1.097533265257669e-08,
A11,Freudenstein-Roth (n=2),A,BFGS_Wolfe,2,success,True,10,90,150,0,240,0.0019038000027649105,2.8203126474650994e-17,2.8203126474650994e-17,5.098167196286631e-08,
A11,Freudenstein-Roth (n=2),A,Newton_BT,2,success,True,7,20,13,7,40,0.00025320000713691115,48.984253679240034,48.984253679240034,3.7736105536457246e-07,
A11,Freudenstein-Roth (n=2),A,Cauchy_Point,2,max_iter_or_not_converged,False,1000,2001,1001,1000,4002,0.03140239999629557,49.063773324192965,49.063773324192965,0.6357218545961808,
A11,Freudenstein-Roth (n=2),A,Dogleg,2,success,True,8,17,9,9,35,0.0005677000008290634,48.98425367924001,48.98425367924001,5.0340335653494225e-12,
A11,Freudenstein-Roth (n=2),A,Steihaug_CG,2,success,True,14,29,15,15,59,0.0007139000081224367,48.98425367924004,48.98425367924004,2.8645764864148465e-09,
A11,Freudenstein-Roth (n=2),A,BFGS_Armijo,2,success,True,12,45,23,0,68,0.0005875000060768798,48.98425367924004,48.98425367924004,1.097533265257669e-08,
A11,Freudenstein-Roth (n=2),A,BFGS_Wolfe,2,success,True,10,90,150,0,240,0.001829899993026629,2.8203126474650994e-17,2.8203126474650994e-17,5.098167196286631e-08,
A11,Freudenstein-Roth (n=2),A,Newton_BT,2,success,True,7,20,13,7,40,0.0002634000120451674,48.984253679240034,48.984253679240034,3.7736105536457246e-07,
A11,Freudenstein-Roth (n=2),A,Cauchy_Point,2,max_iter_or_not_converged,False,1000,2001,1001,1000,4002,0.031771399997523986,49.063773324192965,49.063773324192965,0.6357218545961808,
A11,Freudenstein-Roth (n=2),A,Dogleg,2,success,True,8,17,9,9,35,0.0005770999996457249,48.98425367924001,48.98425367924001,5.0340335653494225e-12,
A11,Freudenstein-Roth (n=2),A,Steihaug_CG,2,success,True,14,29,15,15,59,0.0007158000080380589,48.98425367924004,48.98425367924004,2.8645764864148465e-09,
A11,Freudenstein-Roth (n=2),A,BFGS_Armijo,2,success,True,12,45,23,0,68,0.0005816000048071146,48.98425367924004,48.98425367924004,1.097533265257669e-08,
A11,Freudenstein-Roth (n=2),A,BFGS_Wolfe,2,success,True,10,90,150,0,240,0.0018216000025859103,2.8203126474650994e-17,2.8203126474650994e-17,5.098167196286631e-08,
A11,Freudenstein-Roth (n=2),A,Newton_BT,2,success,True,7,20,13,7,40,0.000252200014074333,48.984253679240034,48.984253679240034,3.7736105536457246e-07,
A11,Freudenstein-Roth (n=2),A,Cauchy_Point,2,max_iter_or_not_converged,False,1000,2001,1001,1000,4002,0.03131720000237692,49.063773324192965,49.063773324192965,0.6357218545961808,
A11,Freudenstein-Roth (n=2),A,Dogleg,2,success,True,8,17,9,9,35,0.0005619000003207475,48.98425367924001,48.98425367924001,5.0340335653494225e-12,
A11,Freudenstein-Roth (n=2),A,Steihaug_CG,2,success,True,14,29,15,15,59,0.0007125999982235953,48.98425367924004,48.98425367924004,2.8645764864148465e-09,
A11,Freudenstein-Roth (n=2),A,BFGS_Armijo,2,success,True,12,45,23,0,68,0.0006610000127693638,48.98425367924004,48.98425367924004,1.097533265257669e-08,
A11,Freudenstein-Roth (n=2),A,BFGS_Wolfe,2,success,True,10,90,150,0,240,0.0018734000041149557,2.8203126474650994e-17,2.8203126474650994e-17,5.098167196286631e-08,
A11,Freudenstein-Roth (n=2),A,Newton_BT,2,success,True,7,20,13,7,40,0.00024120000307448208,48.984253679240034,48.984253679240034,3.7736105536457246e-07,
A11,Freudenstein-Roth (n=2),A,Cauchy_Point,2,max_iter_or_not_converged,False,1000,2001,1001,1000,4002,0.0313185999984853,49.063773324192965,49.063773324192965,0.6357218545961808,
A11,Freudenstein-Roth (n=2),A,Dogleg,2,success,True,8,17,9,9,35,0.0005596999981207773,48.98425367924001,48.98425367924001,5.0340335653494225e-12,
A11,Freudenstein-Roth (n=2),A,Steihaug_CG,2,success,True,14,29,15,15,59,0.0007139000081224367,48.98425367924004,48.98425367924004,2.8645764864148465e-09,
A11,Freudenstein-Roth (n=2),A,BFGS_Armijo,2,success,True,12,45,23,0,68,0.0005852000031154603,48.98425367924004,48.98425367924004,1.097533265257669e-08,
A11,Freudenstein-Roth (n=2),A,BFGS_Wolfe,2,success,True,10,90,150,0,240,0.0019047999958274886,2.8203126474650994e-17,2.8203126474650994e-17,5.098167196286631e-08,
A11,Freudenstein-Roth (n=2),A,Newton_BT,2,success,True,7,20,13,7,40,0.00026950000028591603,48.984253679240034,48.984253679240034,3.7736105536457246e-07,
A12,Rosenbrock α=500 (κ≈2002),A,Cauchy_Point,10,max_iter_or_not_converged,False,1000,2001,1001,1000,4002,0.07777720000012778,5.899260488853498,5.899260488853498,2.8490513611527755,
A12,Rosenbrock α=500 (κ≈2002),A,Dogleg,10,success,True,49,99,50,50,199,0.005444599999464117,3.997285886259083,3.997285886259083,7.591550241407881e-07,
A12,Rosenbrock α=500 (κ≈2002),A,Steihaug_CG,10,success,True,156,313,157,157,627,0.019189500002539717,2.9670331644592846e-18,2.9670331644592846e-18,1.7522964313458661e-09,
A12,Rosenbrock α=500 (κ≈2002),A,BFGS_Armijo,10,success,True,111,458,221,0,679,0.012658099993132055,3.997285886259075,3.997285886259075,8.606318204367981e-07,
A12,Rosenbrock α=500 (κ≈2002),A,BFGS_Wolfe,10,success,True,102,433,560,0,993,0.02192319999448955,5.585710715250818e-17,5.585710715250818e-17,6.162475803308603e-07,
A12,Rosenbrock α=500 (κ≈2002),A,Newton_BT,10,max_iter_or_not_converged,False,100,1314,200,100,1614,0.022081500006606802,9.551491265176953,9.551491265176953,2.0278684215546217,
A12,Rosenbrock α=500 (κ≈2002),A,Cauchy_Point,50,max_iter_or_not_converged,False,1000,2001,1001,1000,4002,0.2150640000036219,45.99607373601504,45.99607373601504,4.250193011648712,
A12,Rosenbrock α=500 (κ≈2002),A,Dogleg,50,success,True,940,1881,941,941,3763,0.3956185999995796,4.260255644597718e-27,4.260255644597718e-27,5.23591175504152e-12,
A12,Rosenbrock α=500 (κ≈2002),A,Steihaug_CG,50,success,True,536,1073,537,537,2147,0.1482685999944806,3.1542850768323696e-21,3.1542850768323696e-21,4.484612868838466e-09,
A12,Rosenbrock α=500 (κ≈2002),A,BFGS_Armijo,50,success,True,427,1859,853,0,2712,0.11627699999371544,9.349253075959012e-17,9.349253075959012e-17,9.636157115258926e-07,
A12,Rosenbrock α=500 (κ≈2002),A,BFGS_Wolfe,50,success,True,367,2169,3237,0,5406,0.3094111999962479,7.376527147679877e-17,7.376527147679877e-17,8.719668316345718e-07,
A12,Rosenbrock α=500 (κ≈2002),A,Newton_BT,50,max_iter_or_not_converged,False,100,1319,200,100,1619,0.09688979999918956,49.45463885055925,49.45463885055925,1.322663148851202,
A12,Rosenbrock α=500 (κ≈2002),A,Cauchy_Point,100,max_iter_or_not_converged,False,1000,2001,1001,1000,4002,0.5350316999974893,95.69655693553246,95.69655693553246,2.9615580673365356,
A12,Rosenbrock α=500 (κ≈2002),A,Dogleg,100,max_iter_or_not_converged,False,1000,2001,1001,1000,4002,0.6031766000087373,98.74259142498171,98.74259142498171,2.563318158801775,
A12,Rosenbrock α=500 (κ≈2002),A,Steihaug_CG,100,success,True,941,1883,942,942,3767,0.792983399995137,1.4709868203309256e-19,1.4709868203309256e-19,3.994827140430588e-09,
A12,Rosenbrock α=500 (κ≈2002),A,BFGS_Armijo,100,max_iter_or_not_converged,False,500,2554,1001,0,3555,0.385406299988972,40.69526576756618,40.69526576756618,21.709864298898168,
A12,Rosenbrock α=500 (κ≈2002),A,BFGS_Wolfe,100,max_iter_or_not_converged,False,500,2928,4355,0,7283,0.9784322999912547,28.1982557925768,28.1982557925768,24.903073116473568,
A12,Rosenbrock α=500 (κ≈2002),A,Newton_BT,100,max_iter_or_not_converged,False,100,1319,200,100,1619,0.18993229999614414,99.35443764086871,99.35443764086871,1.3226631488538316,
A12,Rosenbrock α=500 (κ≈2002),A,Cauchy_Point,500,max_iter_or_not_converged,False,1000,2001,1001,1000,4002,2.498528600001009,494.7996025847441,494.7996025847441,4.3694306157178655,
A12,Rosenbrock α=500 (κ≈2002),A,Dogleg,500,max_iter_or_not_converged,False,1000,2001,1001,1000,4002,7.808616399997845,428.8218491890779,428.8218491890779,4.854639949397396,
A12,Rosenbrock α=500 (κ≈2002),A,Steihaug_CG,500,max_iter_or_not_converged,False,1000,2001,1001,1000,4002,2.6853081000008387,390.3579963279867,390.3579963279867,12.937245308357435,
A12,Rosenbrock α=500 (κ≈2002),A,BFGS_Armijo,500,max_iter_or_not_converged,False,500,4417,1001,0,5418,5.86518619999697,483.5890373665237,483.5890373665237,11.864171776767817,
A12,Rosenbrock α=500 (κ≈2002),A,BFGS_Wolfe,500,max_iter_or_not_converged,False,500,2908,4315,0,7223,8.264116799997282,463.9988485497878,463.9988485497878,20.110489483807896,
A12,Rosenbrock α=500 (κ≈2002),A,Newton_BT,500,max_iter_or_not_converged,False,100,1319,200,100,1619,0.9413231000071391,498.5528279633444,498.5528279633444,1.3226631488538316,
A12,Rosenbrock α=500 (κ≈2002),A,Cauchy_Point,1000,max_iter_or_not_converged,False,1000,2001,1001,1000,4002,6.495785399994929,993.9363801007397,993.9363801007397,4.689984421882478,
A12,Rosenbrock α=500 (κ≈2002),A,Dogleg,1000,max_iter_or_not_converged,False,1000,2001,1001,1000,4002,29.092327300008037,923.928219715652,923.928219715652,28.90056137602813,
A12,Rosenbrock α=500 (κ≈2002),A,Steihaug_CG,1000,max_iter_or_not_converged,False,1000,2001,1001,1000,4002,7.513848400005372,892.4259892450289,892.4259892450289,16.948648461037525,
A12,Rosenbrock α=500 (κ≈2002),A,BFGS_Armijo,1000,max_iter_or_not_converged,False,500,4378,1001,0,5379,25.169832799991127,979.415953198207,979.415953198207,22.07805548196757,
A12,Rosenbrock α=500 (κ≈2002),A,BFGS_Wolfe,1000,max_iter_or_not_converged,False,500,2937,4373,0,7310,30.342743900007918,961.6831420603052,961.6831420603052,30.814745133380356,
A12,Rosenbrock α=500 (κ≈2002),A,Newton_BT,1000,max_iter_or_not_converged,False,100,1319,200,100,1619,2.2751721999957226,997.550815866439,997.550815866439,1.3226631488538316,
A13,"Bard (n=3, moindres carrés)",A,Cauchy_Point,3,max_iter_or_not_converged,False,1000,2001,1001,1000,4002,0.17753499999525957,0.009117633082101692,0.0009076330821016915,0.006347950221027164,
A13,"Bard (n=3, moindres carrés)",A,Dogleg,3,success,True,6,13,7,7,27,0.0013981999945826828,0.00821487730674138,4.877306741379178e-06,5.214400117557944e-08,
A13,"Bard (n=3, moindres carrés)",A,Steihaug_CG,3,success,True,10,21,11,11,43,0.0021540000016102567,0.00821487730671533,4.8773067153305705e-06,4.77295624959923e-08,
A13,"Bard (n=3, moindres carrés)",A,BFGS_Armijo,3,success,True,27,93,53,0,146,0.002820399997290224,0.008214877306582784,4.877306582783819e-06,3.537638657398067e-07,
A13,"Bard (n=3, moindres carrés)",A,BFGS_Wolfe,3,success,True,20,97,130,0,227,0.0055911999952513725,0.008214877306588722,4.877306588721778e-06,7.25094371273109e-07,
A13,"Bard (n=3, moindres carrés)",A,Newton_BT,3,success,True,12,42,23,12,77,0.0025550999998813495,0.008214877306586507,4.877306586506536e-06,1.1104496002983674e-08,
A13,"Bard (n=3, moindres carrés)",A,Cauchy_Point,3,max_iter_or_not_converged,False,1000,2001,1001,1000,4002,0.17463510000379756,0.009117633082101692,0.0009076330821016915,0.006347950221027164,
A13,"Bard (n=3, moindres carrés)",A,Dogleg,3,success,True,6,13,7,7,27,0.0015685999969718978,0.00821487730674138,4.877306741379178e-06,5.214400117557944e-08,
A13,"Bard (n=3, moindres carrés)",A,Steihaug_CG,3,success,True,10,21,11,11,43,0.0022261999984038994,0.00821487730671533,4.8773067153305705e-06,4.77295624959923e-08,
A13,"Bard (n=3, moindres carrés)",A,BFGS_Armijo,3,success,True,27,93,53,0,146,0.002562699999543838,0.008214877306582784,4.877306582783819e-06,3.537638657398067e-07,
A13,"Bard (n=3, moindres carrés)",A,BFGS_Wolfe,3,success,True,20,97,130,0,227,0.005353599990485236,0.008214877306588722,4.877306588721778e-06,7.25094371273109e-07,
A13,"Bard (n=3, moindres carrés)",A,Newton_BT,3,success,True,12,42,23,12,77,0.0025433999981032684,0.008214877306586507,4.877306586506536e-06,1.1104496002983674e-08,
A13,"Bard (n=3, moindres carrés)",A,Cauchy_Point,3,max_iter_or_not_converged,False,1000,2001,1001,1000,4002,0.17492740000307094,0.009117633082101692,0.0009076330821016915,0.006347950221027164,
A13,"Bard (n=3, moindres carrés)",A,Dogleg,3,success,True,6,13,7,7,27,0.0015233000012813136,0.00821487730674138,4.877306741379178e-06,5.214400117557944e-08,
A13,"Bard (n=3, moindres carrés)",A,Steihaug_CG,3,success,True,10,21,11,11,43,0.002194100001361221,0.00821487730671533,4.8773067153305705e-06,4.77295624959923e-08,
A13,"Bard (n=3, moindres carrés)",A,BFGS_Armijo,3,success,True,27,93,53,0,146,0.0025333000085083768,0.008214877306582784,4.877306582783819e-06,3.537638657398067e-07,
A13,"Bard (n=3, moindres carrés)",A,BFGS_Wolfe,3,success,True,20,97,130,0,227,0.00465069999336265,0.008214877306588722,4.877306588721778e-06,7.25094371273109e-07,
A13,"Bard (n=3, moindres carrés)",A,Newton_BT,3,success,True,12,42,23,12,77,0.0030067999905440956,0.008214877306586507,4.877306586506536e-06,1.1104496002983674e-08,
A13,"Bard (n=3, moindres carrés)",A,Cauchy_Point,3,max_iter_or_not_converged,False,1000,2001,1001,1000,4002,0.17479859999730252,0.009117633082101692,0.0009076330821016915,0.006347950221027164,
A13,"Bard (n=3, moindres carrés)",A,Dogleg,3,success,True,6,13,7,7,27,0.001384999995934777,0.00821487730674138,4.877306741379178e-06,5.214400117557944e-08,
A13,"Bard (n=3, moindres carrés)",A,Steihaug_CG,3,success,True,10,21,11,11,43,0.0021628999966196716,0.00821487730671533,4.8773067153305705e-06,4.77295624959923e-08,
A13,"Bard (n=3, moindres carrés)",A,BFGS_Armijo,3,success,True,27,93,53,0,146,0.0025482999917585403,0.008214877306582784,4.877306582783819e-06,3.537638657398067e-07,
A13,"Bard (n=3, moindres carrés)",A,BFGS_Wolfe,3,success,True,20,97,130,0,227,0.005415000006905757,0.008214877306588722,4.877306588721778e-06,7.25094371273109e-07,
A13,"Bard (n=3, moindres carrés)",A,Newton_BT,3,success,True,12,42,23,12,77,0.0026403999945614487,0.008214877306586507,4.877306586506536e-06,1.1104496002983674e-08,
A13,"Bard (n=3, moindres carrés)",A,Cauchy_Point,3,max_iter_or_not_converged,False,1000,2001,1001,1000,4002,0.17736030000378378,0.009117633082101692,0.0009076330821016915,0.006347950221027164,
A13,"Bard (n=3, moindres carrés)",A,Dogleg,3,success,True,6,13,7,7,27,0.001474200005759485,0.00821487730674138,4.877306741379178e-06,5.214400117557944e-08,
A13,"Bard (n=3, moindres carrés)",A,Steihaug_CG,3,success,True,10,21,11,11,43,0.002322300002560951,0.00821487730671533,4.8773067153305705e-06,4.77295624959923e-08,
A13,"Bard (n=3, moindres carrés)",A,BFGS_Armijo,3,success,True,27,93,53,0,146,0.0028554000018630177,0.008214877306582784,4.877306582783819e-06,3.537638657398067e-07,
A13,"Bard (n=3, moindres carrés)",A,BFGS_Wolfe,3,success,True,20,97,130,0,227,0.005486000009113923,0.008214877306588722,4.877306588721778e-06,7.25094371273109e-07,
A13,"Bard (n=3, moindres carrés)",A,Newton_BT,3,success,True,12,42,23,12,77,0.003175400008331053,0.008214877306586507,4.877306586506536e-06,1.1104496002983674e-08,
A14,Dixon-Price,A,Cauchy_Point,10,success,True,614,1229,615,615,2459,0.039730600008624606,1.7127525291915495e-13,1.7127525291915495e-13,9.97344849049428e-07,
A14,Dixon-Price,A,Dogleg,10,success,True,9,19,10,10,39,0.0009608000109437853,4.041078328703292e-15,4.041078328703292e-15,3.1995900532717813e-07,
A14,Dixon-Price,A,Steihaug_CG,10,success,True,14,29,15,15,59,0.001611400002730079,1.3687705932140184e-21,1.3687705932140184e-21,2.8427899478345936e-10,
A14,Dixon-Price,A,BFGS_Armijo,10,success,True,70,280,139,0,419,0.006352500000502914,0.6666666666666751,0.6666666666666751,4.6619236827610657e-07,
A14,Dixon-Price,A,BFGS_Wolfe,10,success,True,35,134,163,0,297,0.004786499994224869,0.6666666666666803,0.6666666666666803,5.473595248233569e-07,
A14,Dixon-Price,A,Newton_BT,10,success,True,10,29,19,10,58,0.000800499998149462,2.95544557482991e-21,2.95544557482991e-21,3.093122389674669e-10,
A14,Dixon-Price,A,Cauchy_Point,50,max_iter_or_not_converged,False,1000,2001,1001,1000,4002,0.21354640000208747,2.3720580820801034e-06,2.3720580820801034e-06,0.003182697559064394,
A14,Dixon-Price,A,Dogleg,50,success,True,11,23,12,12,47,0.01649919999181293,4.04322598954098e-22,4.04322598954098e-22,1.2004830944831715e-10,
A14,Dixon-Price,A,Steihaug_CG,50,success,True,18,37,19,19,75,0.006172699999297038,1.5559202283285496e-19,1.5559202283285496e-19,5.179246989871957e-09,
A14,Dixon-Price,A,BFGS_Armijo,50,success,True,426,1717,851,0,2568,0.10815469999215566,0.6666666666666795,0.6666666666666795,9.938390596282632e-07,
A14,Dixon-Price,A,BFGS_Wolfe,50,success,True,187,876,1165,0,2041,0.1014666999981273,0.6666666666666804,0.6666666666666804,9.956778503349604e-07,
A14,Dixon-Price,A,Newton_BT,50,success,True,10,29,19,10,58,0.008934799989219755,8.057866724462996e-18,8.057866724462996e-18,2.7724315665464492e-08,
A14,Dixon-Price,A,Cauchy_Point,100,max_iter_or_not_converged,False,1000,2001,1001,1000,4002,0.5500308999908157,0.009107692300533113,0.009107692300533113,0.21156669650472562,
A14,Dixon-Price,A,Dogleg,100,success,True,12,25,13,13,51,0.044983700005104765,2.8071378173306025e-23,2.8071378173306025e-23,3.15166564738496e-11,
A14,Dixon-Price,A,Steihaug_CG,100,success,True,19,39,20,20,79,0.02726250000705477,4.339492914277209e-18,4.339492914277209e-18,4.309693640718829e-08,
A14,Dixon-Price,A,BFGS_Armijo,100,success,True,471,2277,941,0,3218,0.41051359999983106,0.6666666666666705,0.6666666666666705,7.343219827427535e-07,
A14,Dixon-Price,A,BFGS_Wolfe,100,success,True,308,1383,1842,0,3225,0.407834500001627,0.6666666666666696,0.6666666666666696,5.286070326100818e-07,
A14,Dixon-Price,A,Newton_BT,100,success,True,10,29,19,10,58,0.019199799993657507,1.9681826524041698e-17,1.9681826524041698e-17,6.346335708692841e-08,
A14,Dixon-Price,A,Cauchy_Point,500,max_iter_or_not_converged,False,1000,2001,1001,1000,4002,2.7471277000004193,0.29273530825535193,0.29273530825535193,2.6821718812835695,
A14,Dixon-Price,A,Dogleg,500,success,True,13,27,14,14,55,0.25723679999646265,3.959074460248809e-19,3.959074460248809e-19,4.493281544943021e-09,
A14,Dixon-Price,A,Steihaug_CG,500,success,True,25,51,26,26,103,0.10665840000729077,1.3467756345427048e-14,1.3467756345427048e-14,9.634534408404134e-07,
A14,Dixon-Price,A,BFGS_Armijo,500,max_iter_or_not_converged,False,500,5766,1001,0,6767,7.135776900002384,277.1797218028728,277.1797218028728,6.942227860325129,
A14,Dixon-Price,A,BFGS_Wolfe,500,max_iter_or_not_converged,False,500,4134,6767,0,10901,9.577637900001719,199.62554518647093,199.62554518647093,74.68502726177371,
A14,Dixon-Price,A,Newton_BT,500,success,True,10,29,19,10,58,0.08990590000757948,2.8977319280446184e-16,2.8977319280446184e-16,6.037544049587545e-07,
A14,Dixon-Price,A,Cauchy_Point,1000,max_iter_or_not_converged,False,1000,2001,1001,1000,4002,6.930061699997168,1.033712330973485,1.033712330973485,3.3449362333517816,
A14,Dixon-Price,A,Dogleg,1000,success,True,13,27,14,14,55,0.773005800001556,3.100803626766301e-18,3.100803626766301e-18,1.7520014463748145e-08,
A14,Dixon-Price,A,Steihaug_CG,1000,success,True,25,51,26,26,103,0.289682200003881,1.659373279097796e-17,1.659373279097796e-17,1.2686320117767072e-07,
A14,Dixon-Price,A,BFGS_Armijo,1000,max_iter_or_not_converged,False,500,6893,1001,0,7894,28.28902029999881,1086.9924807483446,1086.9924807483446,553.4257178332601,
A14,Dixon-Price,A,BFGS_Wolfe,1000,max_iter_or_not_converged,False,500,3671,5841,0,9512,31.833660999996937,17.793502359915934,17.793502359915934,52.438018999017565,
A14,Dixon-Price,A,Newton_BT,1000,success,True,11,32,21,11,64,0.24002359999576584,9.40470110443175e-30,9.40470110443175e-30,9.811578618080856e-14,
A15,Quadratique Laplacien 1D (κ≈(2n/π)²),A,Cauchy_Point,10,success,True,306,613,307,307,1227,0.015180300004431047,1.5563453001938115e-12,1.5563453001938115e-12,9.905693243598516e-07,
A15,Quadratique Laplacien 1D (κ≈(2n/π)²),A,Dogleg,10,success,True,3,7,4,4,15,0.0005344999954104424,3.9645077315183953e-25,3.9645077315183953e-25,3.620495585713588e-13,
A15,Quadratique Laplacien 1D (κ≈(2n/π)²),A,Steihaug_CG,10,success,True,8,17,9,9,35,0.0009604999941075221,4.550302708132255e-28,4.550302708132255e-28,8.445675536112511e-14,
A15,Quadratique Laplacien 1D (κ≈(2n/π)²),A,BFGS_Armijo,10,success,True,11,37,21,0,58,0.001311499989242293,9.4031212502047e-14,9.4031212502047e-14,5.269131578309758e-07,
A15,Quadratique Laplacien 1D (κ≈(2n/π)²),A,BFGS_Wolfe,10,success,True,7,24,27,0,51,0.001195499993627891,7.484972654465441e-29,7.484972654465441e-29,3.306164432003744e-14,
A15,Quadratique Laplacien 1D (κ≈(2n/π)²),A,Newton_BT,10,success,True,2,5,3,2,10,0.00021649998961947858,2.465190328815662e-32,2.465190328815662e-32,5.438959822042073e-16,
A15,Quadratique Laplacien 1D (κ≈(2n/π)²),A,Cauchy_Point,50,max_iter_or_not_converged,False,1000,2001,1001,1000,4002,0.06765919999452308,0.003486545764378679,0.003486545764378679,0.010281277823376598,
A15,Quadratique Laplacien 1D (κ≈(2n/π)²),A,Dogleg,50,success,True,4,9,5,5,19,0.006913999997777864,6.828300217484028e-24,6.828300217484028e-24,3.428704360046773e-13,
A15,Quadratique Laplacien 1D (κ≈(2n/π)²),A,Steihaug_CG,50,success,True,8,17,9,9,35,0.0021342999971238896,1.3018753386829607e-25,1.3018753386829607e-25,1.4425252563066776e-12,
A15,Quadratique Laplacien 1D (κ≈(2n/π)²),A,BFGS_Armijo,50,success,True,34,126,67,0,193,0.004161699995165691,6.054455428477876e-14,6.054455428477876e-14,9.743600028977091e-07,
A15,Quadratique Laplacien 1D (κ≈(2n/π)²),A,BFGS_Wolfe,50,success,True,27,105,128,0,233,0.004264899995177984,7.569851998233232e-26,7.569851998233232e-26,1.0935567789129631e-12,
A15,Quadratique Laplacien 1D (κ≈(2n/π)²),A,Newton_BT,50,success,True,2,5,3,2,10,0.0007353999972110614,6.55740627464966e-30,6.55740627464966e-30,1.5059797815742444e-15,
A15,Quadratique Laplacien 1D (κ≈(2n/π)²),A,Cauchy_Point,100,max_iter_or_not_converged,False,1000,2001,1001,1000,4002,0.23121070000343025,0.030098245085845576,0.030098245085845576,0.015286722525333434,
A15,Quadratique Laplacien 1D (κ≈(2n/π)²),A,Dogleg,100,success,True,4,9,5,5,19,0.01714460000221152,2.3879470921211454e-21,2.3879470921211454e-21,3.2897052051710717e-12,
A15,Quadratique Laplacien 1D (κ≈(2n/π)²),A,Steihaug_CG,100,success,True,9,19,10,10,39,0.01672369999869261,1.3484853754096767e-27,1.3484853754096767e-27,1.4685165032413312e-13,
A15,Quadratique Laplacien 1D (κ≈(2n/π)²),A,BFGS_Armijo,100,success,True,68,255,135,0,390,0.032104800004162826,6.947121343957135e-14,6.947121343957135e-14,7.300019277583532e-07,
A15,Quadratique Laplacien 1D (κ≈(2n/π)²),A,BFGS_Wolfe,100,success,True,52,206,254,0,460,0.026889000000664964,3.516013185738106e-24,3.516013185738106e-24,7.488308627481447e-12,
A15,Quadratique Laplacien 1D (κ≈(2n/π)²),A,Newton_BT,100,success,True,2,5,3,2,10,0.001502200000686571,1.1241267899399418e-29,1.1241267899399418e-29,2.432376777795247e-15,
A15,Quadratique Laplacien 1D (κ≈(2n/π)²),A,Cauchy_Point,500,max_iter_or_not_converged,False,1000,2001,1001,1000,4002,1.1829378999973414,0.035678022291676825,0.035678022291676825,0.011940247888849639,
A15,Quadratique Laplacien 1D (κ≈(2n/π)²),A,Dogleg,500,success,True,5,11,6,6,23,0.09477709999191575,3.10848231537188e-19,3.10848231537188e-19,7.67496391532122e-12,
A15,Quadratique Laplacien 1D (κ≈(2n/π)²),A,Steihaug_CG,500,success,True,8,17,9,9,35,0.0540325999900233,3.1957890437476874e-13,3.1957890437476874e-13,6.163571020972606e-07,
A15,Quadratique Laplacien 1D (κ≈(2n/π)²),A,BFGS_Armijo,500,success,True,312,1138,623,0,1761,3.1371225000038976,7.85175028103511e-14,7.85175028103511e-14,9.383736247291008e-07,
A15,Quadratique Laplacien 1D (κ≈(2n/π)²),A,BFGS_Wolfe,500,exception,False,0,1004,1254,0,2258,2.5337343999999575,nan,nan,nan,ZeroDivisionError: float division by zero
A15,Quadratique Laplacien 1D (κ≈(2n/π)²),A,Newton_BT,500,success,True,2,5,3,2,10,0.00889699999243021,9.345536536540174e-29,9.345536536540174e-29,5.4025784115714076e-15,
A15,Quadratique Laplacien 1D (κ≈(2n/π)²),A,Cauchy_Point,1000,max_iter_or_not_converged,False,1000,2001,1001,1000,4002,5.682614100005594,0.035678022291676825,0.035678022291676825,0.011940247888849906,
A15,Quadratique Laplacien 1D (κ≈(2n/π)²),A,Dogleg,1000,success,True,6,13,7,7,27,0.33203900000080466,1.8639706216165457e-20,1.8639706216165457e-20,9.425280478936125e-13,
A15,Quadratique Laplacien 1D (κ≈(2n/π)²),A,Steihaug_CG,1000,success,True,10,21,11,11,43,0.3146036000107415,1.8488733767706777e-20,1.8488733767706777e-20,5.438923814925491e-10,
A15,Quadratique Laplacien 1D (κ≈(2n/π)²),A,BFGS_Armijo,1000,max_iter_or_not_converged,False,500,1816,1001,0,2817,23.62642010000127,0.004434358183971199,0.004434358183971199,0.007868973052709343,
A15,Quadratique Laplacien 1D (κ≈(2n/π)²),A,BFGS_Wolfe,1000,exception,False,0,2004,2504,0,4508,24.06550209999841,nan,nan,nan,ZeroDivisionError: float division by zero
A15,Quadratique Laplacien 1D (κ≈(2n/π)²),A,Newton_BT,1000,success,True,2,5,3,2,10,0.02857360000780318,6.825618982424805e-28,6.825618982424805e-28,7.70465983141898e-15,
B1_Rosenbrock,B1_Rosenbrock,B,Cauchy_Point,10,max_iter_or_not_converged,False,1000,2001,1001,1000,4002,0.07297530000505503,0.49372067410404874,0.49372067410404874,1.7657974880583838,
B1_Rosenbrock,B1_Rosenbrock,B,Dogleg,10,success,True,709,1419,710,710,2839,0.06447529999422841,3.9865791123471377,3.9865791123471377,2.1844261568873006e-07,
B1_Rosenbrock,B1_Rosenbrock,B,Steihaug_CG,10,success,True,85,171,86,86,343,0.009799000006751157,4.4472275479465044e-17,4.4472275479465044e-17,6.983422748953449e-09,
B1_Rosenbrock,B1_Rosenbrock,B,BFGS_Armijo,10,success,True,84,340,167,0,507,0.008372700001928024,2.661981935144663e-16,2.661981935144663e-16,6.864289119563068e-07,
B1_Rosenbrock,B1_Rosenbrock,B,BFGS_Wolfe,10,success,True,105,555,795,0,1350,0.024967799996375106,6.769820193341074e-17,6.769820193341074e-17,3.337746690878835e-07,
B1_Rosenbrock,B1_Rosenbrock,B,Newton_BT,10,max_iter_or_not_converged,False,100,1049,200,100,1349,0.01698719999694731,9.604823810574315,9.604823810574315,0.2255313061341638,
B1_Rosenbrock,B1_Rosenbrock,B,Cauchy_Point,50,max_iter_or_not_converged,False,1000,2001,1001,1000,4002,0.19838220000383444,39.055374674398145,39.055374674398145,3.1068825438059764,
B1_Rosenbrock,B1_Rosenbrock,B,Dogleg,50,success,True,271,543,272,272,1087,0.1969180000014603,2.6184350807900267e-17,2.6184350807900267e-17,1.5707751483814083e-07,
B1_Rosenbrock,B1_Rosenbrock,B,Steihaug_CG,50,success,True,239,479,240,240,959,0.06202480000501964,1.394215226030579e-21,1.394215226030579e-21,1.2768873778582965e-09,
B1_Rosenbrock,B1_Rosenbrock,B,BFGS_Armijo,50,success,True,278,1239,555,0,1794,0.07203809999919031,3.31515793721017e-16,3.31515793721017e-16,7.906667570480061e-07,
B1_Rosenbrock,B1_Rosenbrock,B,BFGS_Wolfe,50,success,True,287,1514,2167,0,3681,0.1964773000072455,3.986623854300934,3.986623854300934,8.416313695753554e-07,
B1_Rosenbrock,B1_Rosenbrock,B,Newton_BT,50,max_iter_or_not_converged,False,100,527,200,100,827,0.08650999999372289,7.25931803314001,7.25931803314001,6.3194997458425926,
B1_Rosenbrock,B1_Rosenbrock,B,Cauchy_Point,100,max_iter_or_not_converged,False,1000,2001,1001,1000,4002,0.5027850999904331,87.77312629925427,87.77312629925427,3.0893990310098904,
B1_Rosenbrock,B1_Rosenbrock,B,Dogleg,100,max_iter_or_not_converged,False,1000,2001,1001,1000,4002,0.5606874999939464,90.72739589805266,90.72739589805266,5.920769700925517,
B1_Rosenbrock,B1_Rosenbrock,B,Steihaug_CG,100,success,True,460,921,461,461,1843,0.3545739999972284,3.372377809245865e-15,3.372377809245865e-15,2.554021801943604e-07,
B1_Rosenbrock,B1_Rosenbrock,B,BFGS_Armijo,100,max_iter_or_not_converged,False,500,2276,1001,0,3277,0.37175350000325125,1.5334898015901525e-15,1.5334898015901525e-15,1.6232161617110694e-06,
B1_Rosenbrock,B1_Rosenbrock,B,BFGS_Wolfe,100,max_iter_or_not_converged,False,500,3049,4597,0,7646,0.9579193999961717,0.0006991835666460601,0.0006991835666460601,0.7218515958809628,
B1_Rosenbrock,B1_Rosenbrock,B,Newton_BT,100,max_iter_or_not_converged,False,100,527,200,100,827,0.186855399995693,56.75416499217515,56.75416499217515,6.3158215904616055,
B1_Rosenbrock,B1_Rosenbrock,B,Cauchy_Point,500,max_iter_or_not_converged,False,1000,2001,1001,1000,4002,2.337146699996083,483.63289081953945,483.63289081953945,3.9189000255326114,
B1_Rosenbrock,B1_Rosenbrock,B,Dogleg,500,max_iter_or_not_converged,False,1000,2001,1001,1000,4002,16.5324857999949,129.54201055745807,129.54201055745807,4.890835755309764,
B1_Rosenbrock,B1_Rosenbrock,B,Steihaug_CG,500,max_iter_or_not_converged,False,1000,2001,1001,1000,4002,2.540094700001646,252.5294287056221,252.5294287056221,4.43406882293014,
B1_Rosenbrock,B1_Rosenbrock,B,BFGS_Armijo,500,max_iter_or_not_converged,False,500,3615,1001,0,4616,5.790796099987347,454.68187098409066,454.68187098409066,12.428491275033771,
B1_Rosenbrock,B1_Rosenbrock,B,BFGS_Wolfe,500,max_iter_or_not_converged,False,500,2818,4135,0,6953,7.958990900006029,451.9440490264202,451.9440490264202,10.322388398896226,
B1_Rosenbrock,B1_Rosenbrock,B,Newton_BT,500,max_iter_or_not_converged,False,100,527,200,100,827,0.9250218000088353,452.71291463024954,452.71291463024954,6.3158215904616055,
B1_Rosenbrock,B1_Rosenbrock,B,Cauchy_Point,1000,max_iter_or_not_converged,False,1000,2001,1001,1000,4002,6.249350099998992,979.5176097661265,979.5176097661265,3.315114366868927,
B1_Rosenbrock,B1_Rosenbrock,B,Dogleg,1000,max_iter_or_not_converged,False,1000,2001,1001,1000,4002,50.398059800005285,618.595676713818,618.595676713818,7.851792575921165,
B1_Rosenbrock,B1_Rosenbrock,B,Steihaug_CG,1000,max_iter_or_not_converged,False,1000,2001,1001,1000,4002,7.255535000003874,746.3935747873691,746.3935747873691,4.641196537847067,
B1_Rosenbrock,B1_Rosenbrock,B,BFGS_Armijo,1000,max_iter_or_not_converged,False,500,3662,1001,0,4663,25.104419700001017,959.4933687184482,959.4933687184482,17.904669700858438,
B1_Rosenbrock,B1_Rosenbrock,B,BFGS_Wolfe,1000,max_iter_or_not_converged,False,500,2778,4055,0,6833,29.63738299999386,951.2984608782368,951.2984608782368,16.492109893250525,
B1_Rosenbrock,B1_Rosenbrock,B,Newton_BT,1000,max_iter_or_not_converged,False,100,527,200,100,827,2.5761637999967206,947.6613516778425,947.6613516778425,6.315821590461571,
B2_Rastrigin,B2_Rastrigin,B,Cauchy_Point,10,success,True,6,13,7,7,27,0.00038639998820144683,39.79831190554087,39.79831190554087,3.6933968089426896e-13,
B2_Rastrigin,B2_Rastrigin,B,Dogleg,10,success,True,6,13,7,7,27,0.0005089000042062253,39.79831190554087,39.79831190554087,3.6933968089426896e-13,
B2_Rastrigin,B2_Rastrigin,B,Steihaug_CG,10,success,True,6,13,7,7,27,0.00040040000749286264,39.79831190554087,39.79831190554087,3.6933968089426896e-13,
B2_Rastrigin,B2_Rastrigin,B,BFGS_Armijo,10,success,True,2,6,3,0,9,0.00014940000255592167,0.0,0.0,2.3960342438953057e-11,
B2_Rastrigin,B2_Rastrigin,B,BFGS_Wolfe,10,success,True,2,6,6,0,12,0.00017469999147579074,0.0,0.0,2.36371564246602e-09,
B2_Rastrigin,B2_Rastrigin,B,Newton_BT,10,success,True,2,6,3,2,11,0.00012310000602155924,0.0,0.0,2.3960342438953057e-11,
B2_Rastrigin,B2_Rastrigin,B,Cauchy_Point,50,success,True,5,11,6,6,23,0.00033150000672321767,198.9915595277044,198.9915595277044,1.552952764171498e-07,
B2_Rastrigin,B2_Rastrigin,B,Dogleg,50,success,True,5,11,6,6,23,0.003756899997824803,198.9915595277044,198.9915595277044,1.552960708839339e-07,
B2_Rastrigin,B2_Rastrigin,B,Steihaug_CG,50,success,True,5,11,6,6,23,0.00039030000334605575,198.9915595277044,198.9915595277044,1.552952764171498e-07,
B2_Rastrigin,B2_Rastrigin,B,BFGS_Armijo,50,success,True,2,6,3,0,9,0.00027740000223275274,0.0,0.0,5.357695445767214e-11,
B2_Rastrigin,B2_Rastrigin,B,BFGS_Wolfe,50,success,True,2,6,6,0,12,0.00022560000070370734,0.0,0.0,5.28542885603361e-09,
B2_Rastrigin,B2_Rastrigin,B,Newton_BT,50,success,True,2,6,3,2,11,0.0008192999957827851,0.0,0.0,5.357695445767214e-11,
B2_Rastrigin,B2_Rastrigin,B,Cauchy_Point,100,success,True,8,17,9,9,35,0.0019785000040428713,397.9831190554089,397.9831190554089,1.550219064228031e-08,
B2_Rastrigin,B2_Rastrigin,B,Dogleg,100,success,True,8,17,9,9,35,0.021351499992306344,397.9831190554089,397.9831190554089,1.550219064228031e-08,
B2_Rastrigin,B2_Rastrigin,B,Steihaug_CG,100,success,True,8,17,9,9,35,0.0019426000071689487,397.9831190554089,397.9831190554089,1.550219064228031e-08,
B2_Rastrigin,B2_Rastrigin,B,BFGS_Armijo,100,success,True,2,6,3,0,9,0.0006388000037986785,0.0,0.0,7.576925562468559e-11,
B2_Rastrigin,B2_Rastrigin,B,BFGS_Wolfe,100,success,True,2,6,6,0,12,0.000574699995922856,0.0,0.0,7.48001139829745e-09,
B2_Rastrigin,B2_Rastrigin,B,Newton_BT,100,success,True,2,6,3,2,11,0.0025067999958992004,0.0,0.0,7.576925562468559e-11,
B2_Rastrigin,B2_Rastrigin,B,Cauchy_Point,500,success,True,9,19,10,10,39,0.006223100004717708,1989.915595277043,1989.915595277043,1.0923150274288001e-13,
B2_Rastrigin,B2_Rastrigin,B,Dogleg,500,success,True,9,19,10,10,39,0.1269118000054732,1989.915595277043,1989.915595277043,1.0923150274288001e-13,
B2_Rastrigin,B2_Rastrigin,B,Steihaug_CG,500,success,True,9,19,10,10,39,0.0061153999995440245,1989.915595277043,1989.915595277043,1.0923150274288001e-13,
B2_Rastrigin,B2_Rastrigin,B,BFGS_Armijo,500,success,True,2,6,3,0,9,0.011989899998297915,0.0,0.0,1.6942520618135528e-10,
B2_Rastrigin,B2_Rastrigin,B,BFGS_Wolfe,500,success,True,2,6,6,0,12,0.010294399995473213,0.0,0.0,1.67139935958444e-08,
B2_Rastrigin,B2_Rastrigin,B,Newton_BT,500,success,True,2,6,3,2,11,0.011941199991269968,0.0,0.0,1.6942520618135528e-10,
B2_Rastrigin,B2_Rastrigin,B,Cauchy_Point,1000,success,True,7,15,8,8,31,0.021853400001418777,3979.831190554085,3979.831190554085,1.5447667261737485e-13,
B2_Rastrigin,B2_Rastrigin,B,Dogleg,1000,success,True,7,15,8,8,31,0.2404714000003878,3979.831190554085,3979.831190554085,1.5447667261737485e-13,
B2_Rastrigin,B2_Rastrigin,B,Steihaug_CG,1000,success,True,7,15,8,8,31,0.022183799999766052,3979.831190554085,3979.831190554085,1.5447667261737485e-13,
B2_Rastrigin,B2_Rastrigin,B,BFGS_Armijo,1000,success,True,2,6,3,0,9,0.05486489999748301,0.0,0.0,2.3960342438953066e-10,
B2_Rastrigin,B2_Rastrigin,B,BFGS_Wolfe,1000,success,True,2,6,6,0,12,0.05528950000007171,0.0,0.0,2.364272859732042e-08,
B2_Rastrigin,B2_Rastrigin,B,Newton_BT,1000,success,True,2,6,3,2,11,0.02109149999159854,0.0,0.0,2.3960342438953066e-10,
B3_Ackley,B3_Ackley,B,Cauchy_Point,10,success,True,3,7,4,4,15,0.0018389000033494085,6.559645375627877,6.559645375627877,1.0049585262127377e-11,
B3_Ackley,B3_Ackley,B,Dogleg,10,success,True,3,7,4,4,15,0.0018628999969223514,6.559645375627877,6.559645375627877,1.0056712916896983e-11,
B3_Ackley,B3_Ackley,B,Steihaug_CG,10,success,True,3,7,4,4,15,0.0018143000052077696,6.559645375627877,6.559645375627877,1.0049585262127377e-11,
B3_Ackley,B3_Ackley,B,BFGS_Armijo,10,success,True,5,17,9,0,26,0.000940499987336807,6.559645375627877,6.559645375627877,1.248358675525182e-07,
B3_Ackley,B3_Ackley,B,BFGS_Wolfe,10,success,True,5,15,15,0,30,0.0006864000024506822,6.559645375627877,6.559645375627877,1.2298058533574552e-10,
B3_Ackley,B3_Ackley,B,Newton_BT,10,success,True,4,11,7,4,22,0.0019188000005669892,6.559645375627877,6.559645375627877,1.0049585262127377e-11,
B3_Ackley,B3_Ackley,B,Cauchy_Point,50,success,True,3,7,4,4,15,0.008209799998439848,6.559645375627877,6.559645375627877,4.498462090297017e-12,
B3_Ackley,B3_Ackley,B,Dogleg,50,success,True,3,7,4,4,15,0.01280780001252424,6.559645375627877,6.559645375627877,4.4978715813164665e-12,
B3_Ackley,B3_Ackley,B,Steihaug_CG,50,success,True,3,7,4,4,15,0.008105600005364977,6.559645375627877,6.559645375627877,4.498462090297017e-12,
B3_Ackley,B3_Ackley,B,BFGS_Armijo,50,success,True,5,15,9,0,24,0.0009167000098386779,6.559645375627877,6.559645375627877,1.5756515672953024e-10,
B3_Ackley,B3_Ackley,B,BFGS_Wolfe,50,success,True,4,12,12,0,24,0.000712199995177798,6.5596453756278805,6.5596453756278805,3.0330305229474224e-10,
B3_Ackley,B3_Ackley,B,Newton_BT,50,success,True,4,11,7,4,22,0.010106500005349517,6.559645375627877,6.559645375627877,4.498462090297017e-12,
B3_Ackley,B3_Ackley,B,Cauchy_Point,100,success,True,3,7,4,4,15,0.01770270000270102,6.559645375627877,6.559645375627877,3.1809971323681907e-12,
B3_Ackley,B3_Ackley,B,Dogleg,100,success,True,3,7,4,4,15,0.028043199999956414,6.559645375627877,6.559645375627877,3.1805948864497442e-12,
B3_Ackley,B3_Ackley,B,Steihaug_CG,100,success,True,3,7,4,4,15,0.017374900009599514,6.559645375627877,6.559645375627877,3.1779440190504715e-12,
B3_Ackley,B3_Ackley,B,BFGS_Armijo,100,success,True,5,14,9,0,23,0.0031350000062957406,6.559645375627877,6.559645375627877,1.11415390802172e-10,
B3_Ackley,B3_Ackley,B,BFGS_Wolfe,100,success,True,5,14,13,0,27,0.002295300000696443,6.559645375627877,6.559645375627877,1.11415390802172e-10,
B3_Ackley,B3_Ackley,B,Newton_BT,100,success,True,4,11,7,4,22,0.02106889999413397,6.559645375627877,6.559645375627877,3.1793793474732106e-12,
B3_Ackley,B3_Ackley,B,Cauchy_Point,500,success,True,3,7,4,4,15,0.1194301999930758,6.559645375627877,6.559645375627877,1.4225696490029764e-12,
B3_Ackley,B3_Ackley,B,Dogleg,500,success,True,3,7,4,4,15,0.1725962999917101,6.559645375627877,6.559645375627877,1.4226445780191809e-12,
B3_Ackley,B3_Ackley,B,Steihaug_CG,500,success,True,3,7,4,4,15,0.12087410000094678,6.559645375627877,6.559645375627877,1.4225696490029764e-12,
B3_Ackley,B3_Ackley,B,BFGS_Armijo,500,success,True,5,14,9,0,23,0.04304610000690445,6.559645375627884,6.559645375627884,4.865366903259616e-08,
B3_Ackley,B3_Ackley,B,BFGS_Wolfe,500,success,True,5,14,13,0,27,0.04483910000999458,6.559645375627884,6.559645375627884,4.865366903259616e-08,
B3_Ackley,B3_Ackley,B,Newton_BT,500,success,True,4,11,7,4,22,0.1391511999972863,6.559645375627877,6.559645375627877,1.4236463741065242e-12,
B3_Ackley,B3_Ackley,B,Cauchy_Point,1000,success,True,3,7,4,4,15,0.3440487000043504,6.559645375627877,6.559645375627877,1.0059086455201713e-12,
B3_Ackley,B3_Ackley,B,Dogleg,1000,success,True,3,7,4,4,15,0.4980470000009518,6.559645375627877,6.559645375627877,1.0056475613874102e-12,
B3_Ackley,B3_Ackley,B,Steihaug_CG,1000,success,True,3,7,4,4,15,0.34841079999750946,6.559645375627877,6.559645375627877,1.0059086455201713e-12,
B3_Ackley,B3_Ackley,B,BFGS_Armijo,1000,success,True,5,14,9,0,23,0.19634880000376143,6.559645375627884,6.559645375627884,3.9621217983141845e-08,
B3_Ackley,B3_Ackley,B,BFGS_Wolfe,1000,success,True,5,14,13,0,27,0.19490060000680387,6.559645375627884,6.559645375627884,3.9621217983141845e-08,
B3_Ackley,B3_Ackley,B,Newton_BT,1000,success,True,4,11,7,4,22,0.3931219000078272,6.559645375627877,6.559645375627877,1.0067068972858052e-12,
B4_StyblinskiTang,B4_StyblinskiTang,B,Cauchy_Point,10,success,True,4,9,5,5,19,0.0003063999902224168,-250.29446655283945,250.29446655283945,1.9615728755631743e-11,
B4_StyblinskiTang,B4_StyblinskiTang,B,Dogleg,10,success,True,4,9,5,5,19,0.00037850000080652535,-250.29446655283945,250.29446655283945,1.9615728755631743e-11,
B4_StyblinskiTang,B4_StyblinskiTang,B,Steihaug_CG,10,success,True,4,9,5,5,19,0.0003262999962316826,-250.29446655283945,250.29446655283945,1.9615728755631743e-11,
B4_StyblinskiTang,B4_StyblinskiTang,B,BFGS_Armijo,10,success,True,7,24,13,0,37,0.000604200002271682,-250.29446655283942,250.29446655283942,3.639607753171711e-08,
B4_StyblinskiTang,B4_StyblinskiTang,B,BFGS_Wolfe,10,success,True,5,16,17,0,33,0.0005475999932968989,-250.29446655283942,250.29446655283942,1.1244104219808977e-09,
B4_StyblinskiTang,B4_StyblinskiTang,B,Newton_BT,10,success,True,5,14,9,5,28,0.0003628999984357506,-250.29446655283945,250.29446655283945,1.9615728755631743e-11,
B4_StyblinskiTang,B4_StyblinskiTang,B,Cauchy_Point,50,success,True,4,9,5,5,19,0.0003259999939473346,-1251.4723327641973,1251.4723327641973,8.253345506169198e-08,
B4_StyblinskiTang,B4_StyblinskiTang,B,Dogleg,50,success,True,4,9,5,5,19,0.005748900002799928,-1251.4723327641973,1251.4723327641973,8.253345506169198e-08,
B4_StyblinskiTang,B4_StyblinskiTang,B,Steihaug_CG,50,success,True,4,9,5,5,19,0.0003654999891296029,-1251.4723327641973,1251.4723327641973,8.253345506169198e-08,
B4_StyblinskiTang,B4_StyblinskiTang,B,BFGS_Armijo,50,success,True,7,24,13,0,37,0.0009565000073052943,-1251.4723327641973,1251.4723327641973,2.5258393358605117e-07,
B4_StyblinskiTang,B4_StyblinskiTang,B,BFGS_Wolfe,50,success,True,5,16,17,0,33,0.0007727000047452748,-1251.472332764197,1251.472332764197,2.514258138158511e-09,
B4_StyblinskiTang,B4_StyblinskiTang,B,Newton_BT,50,success,True,5,14,9,5,28,0.0029111000039847568,-1251.472332764197,1251.472332764197,4.386210292578994e-11,
B4_StyblinskiTang,B4_StyblinskiTang,B,Cauchy_Point,100,max_iter_or_not_converged,False,1000,2001,1001,1000,4002,0.2149455000035232,-2502.9446655283955,2502.9446655283955,1.0564590269268592e-06,
B4_StyblinskiTang,B4_StyblinskiTang,B,Dogleg,100,max_iter_or_not_converged,False,1000,2001,1001,1000,4002,2.958964299992658,-2502.9446655283955,2502.9446655283955,1.0564590269268592e-06,
B4_StyblinskiTang,B4_StyblinskiTang,B,Steihaug_CG,100,max_iter_or_not_converged,False,1000,2001,1001,1000,4002,0.2230297999922186,-2502.9446655283955,2502.9446655283955,1.0564590269268592e-06,
B4_StyblinskiTang,B4_StyblinskiTang,B,BFGS_Armijo,100,success,True,7,24,13,0,37,0.0026188999909209087,-2502.944665528395,2502.944665528395,8.928893404251999e-07,
B4_StyblinskiTang,B4_StyblinskiTang,B,BFGS_Wolfe,100,success,True,5,16,17,0,33,0.0020548000029521063,-2502.944665528395,2502.944665528395,3.5556979582906934e-09,
B4_StyblinskiTang,B4_StyblinskiTang,B,Newton_BT,100,success,True,5,14,9,5,28,0.00853189999179449,-2502.944665528395,2502.944665528395,6.203038083185675e-11,
B4_StyblinskiTang,B4_StyblinskiTang,B,Cauchy_Point,500,success,True,5,11,6,6,23,0.0036766999983228743,-12514.723327641972,12514.723327641972,4.566459912274299e-07,
B4_StyblinskiTang,B4_StyblinskiTang,B,Dogleg,500,success,True,5,11,6,6,23,0.09105580000323243,-12514.723327641972,12514.723327641972,4.566459912274299e-07,
B4_StyblinskiTang,B4_StyblinskiTang,B,Steihaug_CG,500,success,True,5,11,6,6,23,0.0037182000087341294,-12514.723327641972,12514.723327641972,4.566459912274299e-07,
B4_StyblinskiTang,B4_StyblinskiTang,B,BFGS_Armijo,500,success,True,9,33,17,0,50,0.08555400000477675,-12514.723327641972,12514.723327641972,5.2481140577642895e-09,
B4_StyblinskiTang,B4_StyblinskiTang,B,BFGS_Wolfe,500,success,True,5,16,17,0,33,0.04470040000160225,-12514.723327641972,12514.723327641972,7.951516725257352e-09,
B4_StyblinskiTang,B4_StyblinskiTang,B,Newton_BT,500,success,True,5,14,9,5,28,0.03071750000526663,-12514.723327641972,12514.723327641972,1.3870414821023164e-10,
B4_StyblinskiTang,B4_StyblinskiTang,B,Cauchy_Point,1000,success,True,6,13,7,7,27,0.019648599991342053,-25029.446655283944,25029.446655283944,3.370400129833633e-12,
B4_StyblinskiTang,B4_StyblinskiTang,B,Dogleg,1000,success,True,6,13,7,7,27,0.3226476999989245,-25029.446655283944,25029.446655283944,3.370400129833633e-12,
B4_StyblinskiTang,B4_StyblinskiTang,B,Steihaug_CG,1000,success,True,6,13,7,7,27,0.01938009999867063,-25029.446655283944,25029.446655283944,3.370400129833633e-12,
B4_StyblinskiTang,B4_StyblinskiTang,B,BFGS_Armijo,1000,success,True,9,33,17,0,50,0.39327050000429153,-25029.446655283944,25029.446655283944,9.865953246673005e-09,
B4_StyblinskiTang,B4_StyblinskiTang,B,BFGS_Wolfe,1000,success,True,5,16,17,0,33,0.19598979999136645,-25029.446655283944,25029.446655283944,1.1244104219808977e-08,
B4_StyblinskiTang,B4_StyblinskiTang,B,Newton_BT,1000,success,True,5,14,9,5,28,0.07894459999806713,-25029.446655283944,25029.446655283944,1.9615728755631744e-10,
B5_Griewank,B5_Griewank,B,Cauchy_Point,10,success,True,56,113,57,57,227,0.04419880000932608,1.5429879596240426e-12,1.5429879596240426e-12,6.733723472824485e-07,
B5_Griewank,B5_Griewank,B,Dogleg,10,success,True,8,17,9,9,35,0.0070395999937318265,0.0,0.0,1.6660556123274793e-11,
B5_Griewank,B5_Griewank,B,Steihaug_CG,10,success,True,10,21,11,11,43,0.009546799992676824,0.0,0.0,8.833115898513626e-10,
B5_Griewank,B5_Griewank,B,BFGS_Armijo,10,success,True,28,91,55,0,146,0.0037837999989278615,1.0260681193585697e-12,1.0260681193585697e-12,6.800839118730463e-07,
B5_Griewank,B5_Griewank,B,BFGS_Wolfe,10,exception,False,0,8,9,0,17,0.0006080000021029264,nan,nan,nan,ZeroDivisionError: float division by zero
B5_Griewank,B5_Griewank,B,Newton_BT,10,success,True,51,157,101,51,309,0.0458029000001261,0.11808113871168024,0.11808113871168024,2.332470951553268e-09,
B5_Griewank,B5_Griewank,B,Cauchy_Point,50,success,True,262,525,263,263,1051,3.490899600001285,1.1833312107967231e-11,1.1833312107967231e-11,9.891337539594623e-07,
B5_Griewank,B5_Griewank,B,Dogleg,50,success,True,14,29,15,15,59,0.2212067000073148,0.0,0.0,2.5001339077414462e-11,
B5_Griewank,B5_Griewank,B,Steihaug_CG,50,success,True,17,35,18,18,71,0.24408499999844935,0.0,0.0,3.969251103305315e-09,
B5_Griewank,B5_Griewank,B,BFGS_Armijo,50,success,True,3,8,5,0,13,0.0009734999912325293,0.0,0.0,3.3391365243201685e-13,
B5_Griewank,B5_Griewank,B,BFGS_Wolfe,50,exception,False,0,8,9,0,17,0.0013518000050680712,nan,nan,nan,ZeroDivisionError: float division by zero
B5_Griewank,B5_Griewank,B,Newton_BT,50,success,True,2,5,3,2,10,0.029143799998564646,0.0,0.0,3.7932297422061896e-11,
B5_Griewank,B5_Griewank,B,Cauchy_Point,100,success,True,370,741,371,371,1483,19.10619220000808,2.336020266113792e-11,2.336020266113792e-11,9.57127604083295e-07,
B5_Griewank,B5_Griewank,B,Dogleg,100,success,True,9,19,10,10,39,0.548482199999853,0.0,0.0,5.891562050045997e-12,
B5_Griewank,B5_Griewank,B,Steihaug_CG,100,success,True,22,45,23,23,91,1.1917402000108268,7.116529587847253e-13,7.116529587847253e-13,2.6979145693755173e-07,
B5_Griewank,B5_Griewank,B,BFGS_Armijo,100,success,True,3,8,5,0,13,0.003255400006310083,0.0,0.0,9.577737291511261e-13,
B5_Griewank,B5_Griewank,B,BFGS_Wolfe,100,exception,False,0,8,9,0,17,0.0029977999947732314,nan,nan,nan,ZeroDivisionError: float division by zero
B5_Griewank,B5_Griewank,B,Newton_BT,100,success,True,2,5,3,2,10,0.10496680000505876,0.0,0.0,3.8029750494887066e-11,
B5_Griewank,B5_Griewank,B,Cauchy_Point,500,success,True,331,663,332,332,1327,409.8269713000045,9.629708142000482e-11,9.629708142000482e-11,9.907270998755793e-07,
B5_Griewank,B5_Griewank,B,Dogleg,500,success,True,9,19,10,10,39,12.420041000004858,0.0,0.0,5.743131340328861e-17,
B5_Griewank,B5_Griewank,B,Steihaug_CG,500,success,True,9,19,10,10,39,12.236707299991394,1.6986412276764895e-14,1.6986412276764895e-14,3.035405350252053e-08,
B5_Griewank,B5_Griewank,B,BFGS_Armijo,500,success,True,3,8,5,0,13,0.02980340000067372,0.0,0.0,9.548646643153619e-13,
B5_Griewank,B5_Griewank,B,BFGS_Wolfe,500,exception,False,0,8,9,0,17,0.012630400000489317,nan,nan,nan,ZeroDivisionError: float division by zero
B5_Griewank,B5_Griewank,B,Newton_BT,500,success,True,2,5,3,2,10,2.4596542999934172,0.0,0.0,3.814154732617908e-11,
B5_Griewank,B5_Griewank,B,Cauchy_Point,1000,max_iter_or_not_converged,False,1000,2001,1001,1000,4002,4893.388969599997,0.00028560780257380625,0.00028560780257380625,0.0013909215994146696,
B5_Griewank,B5_Griewank,B,Dogleg,1000,success,True,45,91,46,46,183,225.79448290000437,0.0,0.0,1.180486384716545e-11,
B5_Griewank,B5_Griewank,B,Steihaug_CG,1000,success,True,27,55,28,28,111,136.9931399999914,1.0513145909385457e-11,1.0513145909385457e-11,4.942226413691427e-07,
B5_Griewank,B5_Griewank,B,BFGS_Armijo,1000,success,True,3,8,5,0,13,0.11550810000335332,0.0,0.0,9.29150932122663e-13,
B5_Griewank,B5_Griewank,B,BFGS_Wolfe,1000,exception,False,0,8,9,0,17,0.02826370000548195,nan,nan,nan,ZeroDivisionError: float division by zero
B5_Griewank,B5_Griewank,B,Newton_BT,1000,success,True,2,5,3,2,10,9.784694000001764,0.0,0.0,3.8162534537662167e-11,
B6_Broydn3D,B6_Broydn3D,B,Cauchy_Point,10,success,True,78,157,79,79,315,0.0056293000088771805,1.228904546083581e-14,1.228904546083581e-14,8.237353046061832e-07,
B6_Broydn3D,B6_Broydn3D,B,Dogleg,10,success,True,4,9,5,5,19,0.0006135000003268942,1.1285227929362992e-18,1.1285227929362992e-18,6.62168867421583e-09,
B6_Broydn3D,B6_Broydn3D,B,Steihaug_CG,10,success,True,9,19,10,10,39,0.001479400001699105,9.804931627653252e-16,9.804931627653252e-16,2.1055830056010472e-07,
B6_Broydn3D,B6_Broydn3D,B,BFGS_Armijo,10,success,True,43,179,85,0,264,0.006310700002359226,0.39707935201783573,0.39707935201783573,4.774393321083027e-07,
B6_Broydn3D,B6_Broydn3D,B,BFGS_Wolfe,10,success,True,21,86,109,0,195,0.0045701000053668395,8.334973918155418e-16,8.334973918155418e-16,3.2359586870706505e-07,
B6_Broydn3D,B6_Broydn3D,B,Newton_BT,10,success,True,5,14,9,5,28,0.0006017999985488132,1.1285232354752862e-18,1.1285232354752862e-18,6.621690057857893e-09,
B6_Broydn3D,B6_Broydn3D,B,Cauchy_Point,50,success,True,83,167,84,84,335,0.021013299992773682,1.1611451725586135e-14,1.1611451725586135e-14,7.957755179144852e-07,
B6_Broydn3D,B6_Broydn3D,B,Dogleg,50,success,True,5,11,6,6,23,0.009116499990341254,2.4025217393907074e-25,2.4025217393907074e-25,3.616671949724477e-12,
B6_Broydn3D,B6_Broydn3D,B,Steihaug_CG,50,success,True,10,21,11,11,43,0.0031239999952958897,9.486555989793502e-18,9.486555989793502e-18,3.014691284258681e-08,
B6_Broydn3D,B6_Broydn3D,B,BFGS_Armijo,50,success,True,81,492,161,0,653,0.043510999996215105,1.3151114273350368,1.3151114273350368,6.727123992888739e-07,
B6_Broydn3D,B6_Broydn3D,B,BFGS_Wolfe,50,success,True,61,279,375,0,654,0.055438499999581836,1.947288396150088e-18,1.947288396150088e-18,1.8456077427515844e-08,
B6_Broydn3D,B6_Broydn3D,B,Newton_BT,50,success,True,5,14,9,5,28,0.004782499992870726,1.1285298472819019e-18,1.1285298472819019e-18,6.621879690016694e-09,
B6_Broydn3D,B6_Broydn3D,B,Cauchy_Point,100,success,True,77,155,78,78,311,0.05414409999502823,2.0495824725496254e-14,2.0495824725496254e-14,9.85026703903185e-07,
B6_Broydn3D,B6_Broydn3D,B,Dogleg,100,success,True,5,11,6,6,23,0.01722130000416655,2.795115477294826e-24,2.795115477294826e-24,1.2071890342923277e-11,
B6_Broydn3D,B6_Broydn3D,B,Steihaug_CG,100,success,True,10,21,11,11,43,0.009427900004084222,1.035562877071304e-16,1.035562877071304e-16,1.0005427405271132e-07,
B6_Broydn3D,B6_Broydn3D,B,BFGS_Armijo,100,success,True,146,942,291,0,1233,0.1946929999976419,2.3351788166962386,2.3351788166962386,3.3821124160592604e-07,
B6_Broydn3D,B6_Broydn3D,B,BFGS_Wolfe,100,success,True,126,554,730,0,1284,0.25658700001076795,1.3151114273350275,1.3151114273350275,3.209630609937683e-07,
B6_Broydn3D,B6_Broydn3D,B,Newton_BT,100,success,True,5,14,9,5,28,0.008812600004603155,1.1287842128490025e-18,1.1287842128490025e-18,6.622494267815781e-09,
B6_Broydn3D,B6_Broydn3D,B,Cauchy_Point,500,success,True,76,153,77,77,307,0.3771593999990728,9.24673741278253e-15,9.24673741278253e-15,6.624214556361221e-07,
B6_Broydn3D,B6_Broydn3D,B,Dogleg,500,success,True,6,13,7,7,27,0.13848639999923762,9.41406882768125e-28,9.41406882768125e-28,2.0371538831809428e-13,
B6_Broydn3D,B6_Broydn3D,B,Steihaug_CG,500,success,True,13,27,14,14,55,0.0736278999975184,1.897293922866326e-17,1.897293922866326e-17,4.5257412305840024e-08,
B6_Broydn3D,B6_Broydn3D,B,BFGS_Armijo,500,max_iter_or_not_converged,False,500,5439,1001,0,6440,6.718361299994285,1.7629692154163363,1.7629692154163363,1.2353954223587724e-06,
B6_Broydn3D,B6_Broydn3D,B,BFGS_Wolfe,500,max_iter_or_not_converged,False,500,4028,6334,0,10362,9.926838799990946,3.4917675389767364,3.4917675389767364,3.025962888780703e-06,
B6_Broydn3D,B6_Broydn3D,B,Newton_BT,500,success,True,5,14,9,5,28,0.06019810000725556,1.1308191774516585e-18,1.1308191774516585e-18,6.627408935212767e-09,
B6_Broydn3D,B6_Broydn3D,B,Cauchy_Point,1000,success,True,75,151,76,76,303,1.4381636000034632,1.472284258714947e-14,1.472284258714947e-14,8.343892864556643e-07,
B6_Broydn3D,B6_Broydn3D,B,Dogleg,1000,success,True,6,13,7,7,27,0.42901229999552015,1.9229418224116404e-17,1.9229418224116404e-17,2.5411768301849993e-08,
B6_Broydn3D,B6_Broydn3D,B,Steihaug_CG,1000,success,True,12,25,13,13,51,0.25742259999969974,4.7210021134155804e-20,4.7210021134155804e-20,2.0494858535503217e-09,
B6_Broydn3D,B6_Broydn3D,B,BFGS_Armijo,1000,max_iter_or_not_converged,False,500,6023,1001,0,7024,23.838635600011912,1.945105654730244,1.945105654730244,3.2024243780909033e-06,
B6_Broydn3D,B6_Broydn3D,B,BFGS_Wolfe,1000,max_iter_or_not_converged,False,500,5456,9126,0,14582,31.754613699988113,3.4917675389767533,3.4917675389767533,2.523392684777299e-06,
B6_Broydn3D,B6_Broydn3D,B,Newton_BT,1000,success,True,5,14,9,5,28,0.16935820000071544,1.1333628832049784e-18,1.1333628832049784e-18,6.63354714904812e-09,
B7_BryBnd,B7_BryBnd,B,Cauchy_Point,10,success,True,18,37,19,19,75,0.004166900005657226,2.7717491265919918e-15,2.7717491265919918e-15,7.82366665437363e-07,
B7_BryBnd,B7_BryBnd,B,Dogleg,10,success,True,5,11,6,6,23,0.0017137000104412436,2.787331086628957e-23,2.787331086628957e-23,1.0011301237318011e-10,
B7_BryBnd,B7_BryBnd,B,Steihaug_CG,10,success,True,9,19,10,10,39,0.002602699998533353,6.56203664166003e-16,6.56203664166003e-16,3.831727373734246e-07,
B7_BryBnd,B7_BryBnd,B,BFGS_Armijo,10,success,True,18,90,35,0,125,0.007288000007974915,4.606739671035127e-17,4.606739671035127e-17,4.11795541752333e-08,
B7_BryBnd,B7_BryBnd,B,BFGS_Wolfe,10,success,True,21,108,153,0,261,0.019531099998857826,3.6617375222537534e-17,3.6617375222537534e-17,7.649058921446121e-07,
B7_BryBnd,B7_BryBnd,B,Newton_BT,10,success,True,6,17,11,6,34,0.0019160000083502382,2.787331086628957e-23,2.787331086628957e-23,1.0011301237318011e-10,
B7_BryBnd,B7_BryBnd,B,Cauchy_Point,50,success,True,28,57,29,29,115,0.03500629999325611,1.812641057576567e-15,1.812641057576567e-15,8.629177714701922e-07,
B7_BryBnd,B7_BryBnd,B,Dogleg,50,success,True,6,13,7,7,27,0.01637050000135787,1.326272396902826e-29,1.326272396902826e-29,6.679840452351667e-14,
B7_BryBnd,B7_BryBnd,B,Steihaug_CG,50,success,True,11,23,12,12,47,0.014281299998401664,7.71712633787948e-21,7.71712633787948e-21,1.490848630585779e-09,
B7_BryBnd,B7_BryBnd,B,BFGS_Armijo,50,success,True,77,440,153,0,593,0.1801405000005616,4.190680206919213e-15,4.190680206919213e-15,6.342019312717277e-07,
B7_BryBnd,B7_BryBnd,B,BFGS_Wolfe,50,success,True,64,399,606,0,1005,0.407662600002368,5.800691682143417e-18,5.800691682143417e-18,2.944016807292145e-07,
B7_BryBnd,B7_BryBnd,B,Newton_BT,50,success,True,6,17,11,6,34,0.015373300004284829,2.5528183983957187e-23,2.5528183983957187e-23,8.540967472506509e-11,
B7_BryBnd,B7_BryBnd,B,Cauchy_Point,100,success,True,31,63,32,32,127,0.08609660000365693,2.001301067601561e-15,2.001301067601561e-15,7.883569396102953e-07,
B7_BryBnd,B7_BryBnd,B,Dogleg,100,success,True,6,13,7,7,27,0.043647900005453266,6.235945455772098e-28,6.235945455772098e-28,4.077628227783583e-13,
B7_BryBnd,B7_BryBnd,B,Steihaug_CG,100,success,True,11,23,12,12,47,0.032133800006704405,6.534738730265919e-20,6.534738730265919e-20,5.090157465335336e-09,
B7_BryBnd,B7_BryBnd,B,BFGS_Armijo,100,success,True,216,1129,431,0,1560,1.1179126999923028,6.215440468881657e-15,6.215440468881657e-15,6.451056921405294e-07,
B7_BryBnd,B7_BryBnd,B,BFGS_Wolfe,100,max_iter_or_not_converged,False,500,2132,2764,0,4896,3.9939159999921685,5.995501078314998e-10,5.995501078314998e-10,0.004720941715184756,
B7_BryBnd,B7_BryBnd,B,Newton_BT,100,success,True,6,17,11,6,34,0.03046189999440685,2.5529562321173834e-23,2.5529562321173834e-23,8.540973625197096e-11,
B7_BryBnd,B7_BryBnd,B,Cauchy_Point,500,success,True,32,65,33,33,131,0.4812345000100322,3.364220920113578e-15,3.364220920113578e-15,9.62563600762028e-07,
B7_BryBnd,B7_BryBnd,B,Dogleg,500,success,True,7,15,8,8,31,0.2373989000043366,1.3208489781794316e-28,1.3208489781794316e-28,2.7574625439891203e-13,
B7_BryBnd,B7_BryBnd,B,Steihaug_CG,500,success,True,12,25,13,13,51,0.19761669999570586,8.270225245909631e-20,8.270225245909631e-20,5.586989257534058e-09,
B7_BryBnd,B7_BryBnd,B,BFGS_Armijo,500,max_iter_or_not_converged,False,500,3456,1001,0,4457,18.17384819999279,0.24614664864128527,0.24614664864128527,0.9183342701065079,
B7_BryBnd,B7_BryBnd,B,BFGS_Wolfe,500,max_iter_or_not_converged,False,500,2217,2934,0,5151,22.198277700008475,5.134220989635281e-10,5.134220989635281e-10,0.003607396248455845,
B7_BryBnd,B7_BryBnd,B,Newton_BT,500,success,True,6,17,11,6,34,0.16232400000444613,2.553910911584882e-23,2.553910911584882e-23,8.544998787025683e-11,
B7_BryBnd,B7_BryBnd,B,Cauchy_Point,1000,success,True,31,63,32,32,127,1.2403631999914069,8.513059103772058e-16,8.513059103772058e-16,4.507051691571824e-07,
B7_BryBnd,B7_BryBnd,B,Dogleg,1000,success,True,7,15,8,8,31,0.6611018999974476,1.7513641608757667e-18,1.7513641608757667e-18,2.1205850860979434e-08,
B7_BryBnd,B7_BryBnd,B,Steihaug_CG,1000,success,True,13,27,14,14,55,0.5413055999961216,8.440812911685648e-20,8.440812911685648e-20,5.547705250173107e-09,
B7_BryBnd,B7_BryBnd,B,BFGS_Armijo,1000,max_iter_or_not_converged,False,500,3777,1001,0,4778,51.980700400003116,0.11289987284417577,0.11289987284417577,0.18382932604286104,
B7_BryBnd,B7_BryBnd,B,BFGS_Wolfe,1000,max_iter_or_not_converged,False,500,2365,3230,0,5595,54.21816899999976,9.368639876306607e-11,9.368639876306607e-11,0.001714254572047047,
B7_BryBnd,B7_BryBnd,B,Newton_BT,1000,success,True,6,17,11,6,34,0.39228129999537487,2.5552185668644215e-23,2.5552185668644215e-23,8.550076010344714e-11,
B8_ChainWoo,B8_ChainWoo,B,Cauchy_Point,8,max_iter_or_not_converged,False,1000,2001,1001,1000,4002,0.05166110000573099,15.753363254577126,15.753363254577126,0.012757711350435375,
B8_ChainWoo,B8_ChainWoo,B,Dogleg,8,max_iter_or_not_converged,False,1000,2001,1001,1000,4002,0.06881810000049882,15.73571963246117,15.73571963246117,0.07917143008561281,
B8_ChainWoo,B8_ChainWoo,B,Steihaug_CG,8,success,True,105,211,106,106,423,0.009933300010743551,2.3931070357704216e-17,2.3931070357704216e-17,2.139790049669054e-07,
B8_ChainWoo,B8_ChainWoo,B,BFGS_Armijo,8,success,True,47,203,93,0,296,0.0041225000022677705,6.930704188768684e-18,6.930704188768684e-18,6.012829020531626e-08,
B8_ChainWoo,B8_ChainWoo,B,BFGS_Wolfe,8,success,True,53,249,339,0,588,0.009480699998675846,6.402929246190754e-16,6.402929246190754e-16,7.064473989021759e-07,
B8_ChainWoo,B8_ChainWoo,B,Newton_BT,8,max_iter_or_not_converged,False,100,1134,200,100,1434,0.012941599998157471,15.752949202581684,15.752949202581684,0.022227093854732618,
B8_ChainWoo,B8_ChainWoo,B,Cauchy_Point,48,max_iter_or_not_converged,False,1000,2001,1001,1000,4002,0.15172419999726117,94.51663422390521,94.51663422390521,0.14544694369413502,
B8_ChainWoo,B8_ChainWoo,B,Dogleg,48,max_iter_or_not_converged,False,1000,2001,1001,1000,4002,0.18953559998772107,94.32255520039193,94.32255520039193,0.6185094430757329,
B8_ChainWoo,B8_ChainWoo,B,Steihaug_CG,48,success,True,96,193,97,97,387,0.017793000006349757,1.8345875429639933e-16,1.8345875429639933e-16,5.922203309655568e-07,
B8_ChainWoo,B8_ChainWoo,B,BFGS_Armijo,48,success,True,457,1738,913,0,2651,0.10605839999334421,2.2856017456416862e-14,2.2856017456416862e-14,9.985101627638802e-07,
B8_ChainWoo,B8_ChainWoo,B,BFGS_Wolfe,48,success,True,188,950,1336,0,2286,0.09835190000012517,3.261327341907976e-15,3.261327341907976e-15,7.526761765435258e-07,
B8_ChainWoo,B8_ChainWoo,B,Newton_BT,48,max_iter_or_not_converged,False,100,1134,200,100,1434,0.09817550001025666,94.51769521549006,94.51769521549006,0.05444503840904742,
B8_ChainWoo,B8_ChainWoo,B,Cauchy_Point,100,max_iter_or_not_converged,False,1000,2001,1001,1000,4002,0.4265760000125738,196.9237195830575,196.9237195830575,0.012032842752440763,
B8_ChainWoo,B8_ChainWoo,B,Dogleg,100,max_iter_or_not_converged,False,1000,2001,1001,1000,4002,0.4979395999980625,196.74533450602704,196.74533450602704,0.813052530826976,
B8_ChainWoo,B8_ChainWoo,B,Steihaug_CG,100,success,True,114,229,115,115,459,0.06295160000445321,3.8670484625692015e-22,3.8670484625692015e-22,2.359088612077953e-11,
B8_ChainWoo,B8_ChainWoo,B,BFGS_Armijo,100,max_iter_or_not_converged,False,500,2264,1001,0,3265,0.35232940000423696,1.7630415732702074e-12,1.7630415732702074e-12,8.061108191526035e-06,
B8_ChainWoo,B8_ChainWoo,B,BFGS_Wolfe,100,success,True,348,1522,1944,0,3466,0.3718566999887116,6.090938970425178e-14,6.090938970425178e-14,9.699565980571842e-07,
B8_ChainWoo,B8_ChainWoo,B,Newton_BT,100,max_iter_or_not_converged,False,100,1134,200,100,1434,0.22331000000122003,196.91186503227107,196.91186503227107,0.07858464395375764,
B8_ChainWoo,B8_ChainWoo,B,Cauchy_Point,500,max_iter_or_not_converged,False,1000,2001,1001,1000,4002,2.1109549999964656,984.6208933846876,984.6208933846876,0.0008365371873449713,
B8_ChainWoo,B8_ChainWoo,B,Dogleg,500,max_iter_or_not_converged,False,1000,2001,1001,1000,4002,5.102763899994898,983.7245544085222,983.7245544085222,0.5235952968504263,
B8_ChainWoo,B8_ChainWoo,B,Steihaug_CG,500,success,True,119,239,120,120,479,0.26614649999828544,6.175033420767772e-22,6.175033420767772e-22,1.0864585111603904e-09,
B8_ChainWoo,B8_ChainWoo,B,BFGS_Armijo,500,max_iter_or_not_converged,False,500,4819,1001,0,5820,6.765011099996627,0.6370124627612923,0.6370124627612923,6.81107918395943,
B8_ChainWoo,B8_ChainWoo,B,BFGS_Wolfe,500,max_iter_or_not_converged,False,500,2761,4021,0,6782,7.307181599986507,2.131410531565949,2.131410531565949,10.601018355445545,
B8_ChainWoo,B8_ChainWoo,B,Newton_BT,500,max_iter_or_not_converged,False,100,1134,200,100,1434,1.1192571999999927,984.5593251613562,984.5593251613562,0.17572060586822022,
B8_ChainWoo,B8_ChainWoo,B,Cauchy_Point,1000,max_iter_or_not_converged,False,1000,2001,1001,1000,4002,5.390070099994773,1969.1819812891142,1969.1819812891142,0.159416710772419,
B8_ChainWoo,B8_ChainWoo,B,Dogleg,1000,success,True,44,89,45,45,179,2.417867299998761,3.116813811393404e-21,3.116813811393404e-21,1.8800292118080243e-09,
B8_ChainWoo,B8_ChainWoo,B,Steihaug_CG,1000,success,True,107,215,108,108,431,0.6298097999970196,2.600738214223469e-19,2.600738214223469e-19,2.2299297994783722e-08,
B8_ChainWoo,B8_ChainWoo,B,BFGS_Armijo,1000,max_iter_or_not_converged,False,500,5389,1001,0,6390,27.484436200000346,3.2784013843039155,3.2784013843039155,21.127195187029653,
B8_ChainWoo,B8_ChainWoo,B,BFGS_Wolfe,1000,max_iter_or_not_converged,False,500,2946,4391,0,7337,28.759027599997353,33.23817832418289,33.23817832418289,46.78596575803043,
B8_ChainWoo,B8_ChainWoo,B,Newton_BT,1000,max_iter_or_not_converged,False,100,1134,200,100,1434,2.6175848999992013,1969.118650322699,1969.118650322699,0.2485064640072543,
B10_Schwefel,B10_Schwefel,B,Cauchy_Point,10,success,True,8,17,9,9,35,0.003600600000936538,0.00012727566263492918,0.00012727566263492918,3.425762462799619e-10,
B10_Schwefel,B10_Schwefel,B,Dogleg,10,success,True,8,17,9,9,35,0.003923900003428571,0.00012727566263492918,0.00012727566263492918,3.4269210378442495e-10,
B10_Schwefel,B10_Schwefel,B,Steihaug_CG,10,success,True,8,17,9,9,35,0.0035715999983949587,0.00012727566263492918,0.00012727566263492918,3.425762462799619e-10,
B10_Schwefel,B10_Schwefel,B,BFGS_Armijo,10,success,True,6,17,11,0,28,0.0005767999973613769,0.00012727566263492918,0.00012727566263492918,9.505953764519087e-10,
B10_Schwefel,B10_Schwefel,B,BFGS_Wolfe,10,success,True,6,17,16,0,33,0.0006929999944986776,0.00012727566263492918,0.00012727566263492918,9.505953764519087e-10,
B10_Schwefel,B10_Schwefel,B,Newton_BT,10,success,True,4,11,7,4,22,0.0017342999926768243,0.00012727566263492918,0.00012727566263492918,1.0930488487727958e-10,
B10_Schwefel,B10_Schwefel,B,Cauchy_Point,50,success,True,9,19,10,10,39,0.07189189999189693,0.0006363783140841406,0.0006363783140841406,1.1914322241619863e-07,
B10_Schwefel,B10_Schwefel,B,Dogleg,50,success,True,9,19,10,10,39,0.08373579999897629,0.0006363783140841406,0.0006363783140841406,1.1914296256589671e-07,
B10_Schwefel,B10_Schwefel,B,Steihaug_CG,50,success,True,9,19,10,10,39,0.0703265000047395,0.0006363783140841406,0.0006363783140841406,1.1914322241619863e-07,
B10_Schwefel,B10_Schwefel,B,BFGS_Armijo,50,success,True,6,17,11,0,28,0.0013985999976284802,0.0006363783140841406,0.0006363783140841406,2.1255958808434707e-09,
B10_Schwefel,B10_Schwefel,B,BFGS_Wolfe,50,success,True,6,17,16,0,33,0.0016673999925842509,0.0006363783140841406,0.0006363783140841406,2.1255958808434707e-09,
B10_Schwefel,B10_Schwefel,B,Newton_BT,50,success,True,4,11,7,4,22,0.032785100003820844,0.0006363783140841406,0.0006363783140841406,2.444131528583859e-10,
B10_Schwefel,B10_Schwefel,B,Cauchy_Point,100,success,True,10,21,11,11,43,0.2958470000012312,0.0012727566281682812,0.0012727566281682812,5.451195050909519e-13,
B10_Schwefel,B10_Schwefel,B,Dogleg,100,success,True,10,21,11,11,43,0.32943189999787137,0.0012727566281682812,0.0012727566281682812,1.765254609153999e-13,
B10_Schwefel,B10_Schwefel,B,Steihaug_CG,100,success,True,10,21,11,11,43,0.29939119999471586,0.0012727566281682812,0.0012727566281682812,5.451195050909519e-13,
B10_Schwefel,B10_Schwefel,B,BFGS_Armijo,100,success,True,6,17,11,0,28,0.005165200011106208,0.0012727566281682812,0.0012727566281682812,3.0060465228132216e-09,
B10_Schwefel,B10_Schwefel,B,BFGS_Wolfe,100,success,True,6,17,16,0,33,0.005595099995844066,0.0012727566281682812,0.0012727566281682812,3.0060465228132216e-09,
B10_Schwefel,B10_Schwefel,B,Newton_BT,100,success,True,4,11,7,4,22,0.11560760000429582,0.0012727566281682812,0.0012727566281682812,3.4565239559469774e-10,
B10_Schwefel,B10_Schwefel,B,Cauchy_Point,500,success,True,11,23,12,12,47,7.684624500005157,0.006363783119013533,0.006363783119013533,2.8623618786941056e-12,
B10_Schwefel,B10_Schwefel,B,Dogleg,500,success,True,11,23,12,12,47,7.7953758999938145,0.006363783119013533,0.006363783119013533,2.8623618786941056e-12,
B10_Schwefel,B10_Schwefel,B,Steihaug_CG,500,success,True,11,23,12,12,47,7.605159300001105,0.006363783119013533,0.006363783119013533,2.8623618786941056e-12,
B10_Schwefel,B10_Schwefel,B,BFGS_Armijo,500,success,True,6,17,11,0,28,0.06385980000777636,0.006363783119013533,0.006363783119013533,6.721724358607101e-09,
B10_Schwefel,B10_Schwefel,B,BFGS_Wolfe,500,success,True,6,17,16,0,33,0.06486800000129733,0.006363783119013533,0.006363783119013533,6.721724358607101e-09,
B10_Schwefel,B10_Schwefel,B,Newton_BT,500,success,True,4,11,7,4,22,2.5583633000060217,0.006363783119013533,0.006363783119013533,7.729022531353929e-10,
B10_Schwefel,B10_Schwefel,B,Cauchy_Point,1000,max_iter_or_not_converged,False,1000,2001,1001,1000,4002,2559.1333823000023,0.012727566238027066,0.012727566238027066,5.977999727065367e-06,
B10_Schwefel,B10_Schwefel,B,Dogleg,1000,max_iter_or_not_converged,False,1000,2001,1001,1000,4002,2590.011178700006,0.012727566238027066,0.012727566238027066,5.9780078721990205e-06,
B10_Schwefel,B10_Schwefel,B,Steihaug_CG,1000,max_iter_or_not_converged,False,1000,2001,1001,1000,4002,2540.397491399999,0.012727566238027066,0.012727566238027066,5.977999727065367e-06,
B10_Schwefel,B10_Schwefel,B,BFGS_Armijo,1000,success,True,6,17,11,0,28,0.25529410000308417,0.012727566238027066,0.012727566238027066,9.505953764519088e-09,
B10_Schwefel,B10_Schwefel,B,BFGS_Wolfe,1000,success,True,6,17,16,0,33,0.26421550000668503,0.012727566238027066,0.012727566238027066,9.505953764519088e-09,
B10_Schwefel,B10_Schwefel,B,Newton_BT,1000,success,True,4,11,7,4,22,10.203968200003146,0.012727566238027066,0.012727566238027066,1.0930488487727958e-09,
B11_DixonPrice,B11_DixonPrice,B,Cauchy_Point,10,success,True,614,1229,615,615,2459,0.039697500003967434,1.7127525291915493e-13,1.7127525291915493e-13,9.97344849049428e-07,
B11_DixonPrice,B11_DixonPrice,B,Dogleg,10,success,True,9,19,10,10,39,0.0009475999977439642,4.041078328703293e-15,4.041078328703293e-15,3.199590053271782e-07,
B11_DixonPrice,B11_DixonPrice,B,Steihaug_CG,10,success,True,14,29,15,15,59,0.0016310999926645309,1.3687705932140184e-21,1.3687705932140184e-21,2.8427899478345936e-10,
B11_DixonPrice,B11_DixonPrice,B,BFGS_Armijo,10,success,True,70,280,139,0,419,0.007146400006604381,0.6666666666666752,0.6666666666666752,4.6619236796279835e-07,
B11_DixonPrice,B11_DixonPrice,B,BFGS_Wolfe,10,success,True,35,134,163,0,297,0.005103799994685687,0.6666666666666801,0.6666666666666801,5.4735952464216e-07,
B11_DixonPrice,B11_DixonPrice,B,Newton_BT,10,success,True,10,29,19,10,58,0.000931800008402206,2.95544557482991e-21,2.95544557482991e-21,3.0931223896746683e-10,
B11_DixonPrice,B11_DixonPrice,B,Cauchy_Point,50,max_iter_or_not_converged,False,1000,2001,1001,1000,4002,0.21488469999167137,2.3720580821570106e-06,2.3720580821570106e-06,0.003182697559084824,
B11_DixonPrice,B11_DixonPrice,B,Dogleg,50,success,True,11,23,12,12,47,0.016778599994722754,4.04322598954098e-22,4.04322598954098e-22,1.2004830944831715e-10,
B11_DixonPrice,B11_DixonPrice,B,Steihaug_CG,50,success,True,18,37,19,19,75,0.0060821999941254035,1.5559206283794821e-19,1.5559206283794821e-19,5.179247808757374e-09,
B11_DixonPrice,B11_DixonPrice,B,BFGS_Armijo,50,success,True,426,1717,851,0,2568,0.11707350000506267,0.6666666666666795,0.6666666666666795,9.938413486534848e-07,
B11_DixonPrice,B11_DixonPrice,B,BFGS_Wolfe,50,success,True,187,876,1165,0,2041,0.10797789999924134,0.6666666666666807,0.6666666666666807,9.95705553644439e-07,
B11_DixonPrice,B11_DixonPrice,B,Newton_BT,50,success,True,10,29,19,10,58,0.009342699995613657,8.057866724462996e-18,8.057866724462996e-18,2.7724315665464492e-08,
B11_DixonPrice,B11_DixonPrice,B,Cauchy_Point,100,max_iter_or_not_converged,False,1000,2001,1001,1000,4002,0.5534182999981567,0.009107692300454535,0.009107692300454535,0.2115666965038245,
B11_DixonPrice,B11_DixonPrice,B,Dogleg,100,success,True,12,25,13,13,51,0.04416349998791702,2.8071378173306025e-23,2.8071378173306025e-23,3.151665647384959e-11,
B11_DixonPrice,B11_DixonPrice,B,Steihaug_CG,100,success,True,19,39,20,20,79,0.026318699994590133,4.339492431985712e-18,4.339492431985712e-18,4.3096933527731894e-08,
B11_DixonPrice,B11_DixonPrice,B,BFGS_Armijo,100,success,True,468,2264,935,0,3199,0.4230655999999726,0.6666666666666707,0.6666666666666707,8.931670411528135e-07,
B11_DixonPrice,B11_DixonPrice,B,BFGS_Wolfe,100,success,True,309,1447,1967,0,3414,0.4528864000021713,0.6666666666666748,0.6666666666666748,7.346499685048037e-07,
B11_DixonPrice,B11_DixonPrice,B,Newton_BT,100,success,True,10,29,19,10,58,0.025088399997912347,1.9681826524041698e-17,1.9681826524041698e-17,6.346335708692841e-08,
B11_DixonPrice,B11_DixonPrice,B,Cauchy_Point,500,max_iter_or_not_converged,False,1000,2001,1001,1000,4002,2.712356700008968,0.292735308255223,0.292735308255223,2.6821718813022737,
B11_DixonPrice,B11_DixonPrice,B,Dogleg,500,success,True,13,27,14,14,55,0.25434169999789447,3.959074460248809e-19,3.959074460248809e-19,4.493281544943021e-09,
B11_DixonPrice,B11_DixonPrice,B,Steihaug_CG,500,success,True,25,51,26,26,103,0.10811079999257345,1.090453050441173e-14,1.090453050441173e-14,8.097356709499817e-07,
B11_DixonPrice,B11_DixonPrice,B,BFGS_Armijo,500,max_iter_or_not_converged,False,500,5765,1001,0,6766,7.214512300008209,277.16412240836723,277.16412240836723,5.971187800509188,
B11_DixonPrice,B11_DixonPrice,B,BFGS_Wolfe,500,max_iter_or_not_converged,False,500,3825,6149,0,9974,9.45293450000463,200.10024748625955,200.10024748625955,90.08672283800314,
B11_DixonPrice,B11_DixonPrice,B,Newton_BT,500,success,True,10,29,19,10,58,0.0906665999937104,2.8977319280446184e-16,2.8977319280446184e-16,6.037544049587545e-07,
B11_DixonPrice,B11_DixonPrice,B,Cauchy_Point,1000,max_iter_or_not_converged,False,1000,2001,1001,1000,4002,6.841271900004358,1.0337123309734728,1.0337123309734728,3.344936233357885,
B11_DixonPrice,B11_DixonPrice,B,Dogleg,1000,success,True,13,27,14,14,55,0.7406934000027832,3.100803626766301e-18,3.100803626766301e-18,1.7520014463748145e-08,
B11_DixonPrice,B11_DixonPrice,B,Steihaug_CG,1000,success,True,25,51,26,26,103,0.2861771000025328,2.1224678365911728e-17,2.1224678365911728e-17,1.3596747352464084e-07,
B11_DixonPrice,B11_DixonPrice,B,BFGS_Armijo,1000,max_iter_or_not_converged,False,500,6888,1001,0,7889,28.86897599999793,1039.8513856042257,1039.8513856042257,613.8096276896694,
B11_DixonPrice,B11_DixonPrice,B,BFGS_Wolfe,1000,max_iter_or_not_converged,False,500,3612,5723,0,9335,32.19982049999817,17.175095540098642,17.175095540098642,57.17844772339816,
B11_DixonPrice,B11_DixonPrice,B,Newton_BT,1000,success,True,11,32,21,11,64,0.24881200000527315,9.40470110443175e-30,9.40470110443175e-30,9.811578618080856e-14,
B12_Zakharov,B12_Zakharov,B,Cauchy_Point,10,success,True,277,555,278,278,1111,0.01879919999919366,2.0955020862083102e-13,2.0955020862083102e-13,9.721782686535979e-07,
B12_Zakharov,B12_Zakharov,B,Dogleg,10,success,True,11,23,12,12,47,0.0010938000050373375,1.2686119139615284e-16,1.2686119139615284e-16,2.2214635593028186e-07,
B12_Zakharov,B12_Zakharov,B,Steihaug_CG,10,success,True,11,23,12,12,47,0.0009227999980794266,7.603075748086844e-18,7.603075748086844e-18,5.438378863232689e-08,
B12_Zakharov,B12_Zakharov,B,BFGS_Armijo,10,success,True,17,66,33,0,99,0.0016099999920697883,1.6463596129009264e-14,1.6463596129009264e-14,7.256362900742954e-07,
B12_Zakharov,B12_Zakharov,B,BFGS_Wolfe,10,success,True,14,56,67,0,123,0.0020573999936459586,1.057518364025457e-18,1.057518364025457e-18,4.382217415601333e-09,
B12_Zakharov,B12_Zakharov,B,Newton_BT,10,success,True,12,35,23,12,70,0.0010220999974990264,1.2686119123070018e-16,1.2686119123070018e-16,2.2214635578541996e-07,
B12_Zakharov,B12_Zakharov,B,Cauchy_Point,50,max_iter_or_not_converged,False,1000,2001,1001,1000,4002,0.078450500004692,0.48712950656911125,0.48712950656911125,1.8634399987462686,
B12_Zakharov,B12_Zakharov,B,Dogleg,50,success,True,19,39,20,20,79,0.025428299995837733,1.619336103917142e-20,1.619336103917142e-20,2.6365978002922435e-08,
B12_Zakharov,B12_Zakharov,B,Steihaug_CG,50,success,True,20,41,21,21,83,0.0018609999970067292,9.431549921135976e-30,9.431549921135976e-30,6.195095162182578e-15,
B12_Zakharov,B12_Zakharov,B,BFGS_Armijo,50,success,True,27,112,53,0,165,0.003576899995096028,2.0216378390251502e-19,2.0216378390251502e-19,3.5631228730019544e-08,
B12_Zakharov,B12_Zakharov,B,BFGS_Wolfe,50,success,True,24,94,114,0,208,0.004307299997890368,2.566932619601406e-19,2.566932619601406e-19,1.0098507071851596e-07,
B12_Zakharov,B12_Zakharov,B,Newton_BT,50,success,True,20,59,39,20,118,0.012697599988314323,3.564953979288273e-21,3.564953979288273e-21,1.2370930012608838e-08,
B12_Zakharov,B12_Zakharov,B,Cauchy_Point,100,max_iter_or_not_converged,False,1000,2001,1001,1000,4002,0.2410494999930961,5.552855640540966,5.552855640540966,5.711293958139985,
B12_Zakharov,B12_Zakharov,B,Dogleg,100,success,True,23,47,24,24,95,0.06980070000281557,1.7897222920172393e-27,1.7897222920172393e-27,2.4608122564877777e-11,
B12_Zakharov,B12_Zakharov,B,Steihaug_CG,100,max_iter_or_not_converged,False,1000,2001,1001,1000,4002,0.26215769999544136,4.515144156749326e-18,4.515144156749326e-18,1.2360085298961725e-06,
B12_Zakharov,B12_Zakharov,B,BFGS_Armijo,100,success,True,27,118,53,0,171,0.013026799992076121,1.0658209346667056e-20,1.0658209346667056e-20,3.4700005152786835e-08,
B12_Zakharov,B12_Zakharov,B,BFGS_Wolfe,100,success,True,34,126,150,0,276,0.017451499996241182,4.628304777019918e-20,4.628304777019918e-20,6.679651348814701e-08,
B12_Zakharov,B12_Zakharov,B,Newton_BT,100,success,True,24,71,47,24,142,0.04381660000944976,6.769268525666303e-40,6.769268525666303e-40,1.4815206212212792e-17,
B12_Zakharov,B12_Zakharov,B,Cauchy_Point,500,max_iter_or_not_converged,False,1000,2001,1001,1000,4002,2.790526199998567,31.13375530461857,31.13375530461857,32.384485172365245,
B12_Zakharov,B12_Zakharov,B,Dogleg,500,success,True,32,65,33,33,131,0.5754973000002792,6.205191280291832e-39,6.205191280291832e-39,2.1184046041973528e-16,
B12_Zakharov,B12_Zakharov,B,Steihaug_CG,500,success,True,34,69,35,35,139,0.10228289999940898,3.3306558856130527e-21,3.3306558856130527e-21,3.194082466591739e-07,
B12_Zakharov,B12_Zakharov,B,BFGS_Armijo,500,max_iter_or_not_converged,False,500,22286,1001,0,23287,2.968225500007975,2.43698929550307e+20,2.43698929550307e+20,31224969545.03097,
B12_Zakharov,B12_Zakharov,B,BFGS_Wolfe,500,max_iter_or_not_converged,False,500,16501,31001,0,47502,1.1305778000096325,9.613266306344035e+17,9.613266306344035e+17,3.9694332584474246e+17,
B12_Zakharov,B12_Zakharov,B,Newton_BT,500,success,True,32,95,63,32,190,0.27868170000147074,6.233196939788155e-40,6.233196939788155e-40,2.669865459370417e-18,
B12_Zakharov,B12_Zakharov,B,Cauchy_Point,1000,max_iter_or_not_converged,False,1000,2001,1001,1000,4002,11.471130499994615,62.403065693569076,62.403065693569076,19.38698244510223,
B12_Zakharov,B12_Zakharov,B,Dogleg,1000,max_iter_or_not_converged,False,1000,2001,1001,1000,4002,60.69647909999185,1.0412413841757838e-18,1.0412413841757838e-18,1.86440676835572e-05,
B12_Zakharov,B12_Zakharov,B,Steihaug_CG,1000,max_iter_or_not_converged,False,1000,2001,1001,1000,4002,11.503667500001029,7.549820484638931e-19,7.549820484638931e-19,1.5221924332788748e-05,
B12_Zakharov,B12_Zakharov,B,BFGS_Armijo,1000,max_iter_or_not_converged,False,500,23643,1001,0,24644,15.801839100007783,1.0515844159999176e+22,1.0515844159999176e+22,151397674087647.5,
B12_Zakharov,B12_Zakharov,B,BFGS_Wolfe,1000,max_iter_or_not_converged,False,500,16501,31001,0,47502,1.9792278999957489,2.451186533362129e+20,2.451186533362129e+20,7.158585641698437e+19,
B12_Zakharov,B12_Zakharov,B,Newton_BT,1000,max_iter_or_not_converged,False,100,531,200,100,831,2.5712244999886025,nan,nan,nan,
C01,Quadratique indéfinie pure,C,Cauchy_Point,10,max_iter_or_not_converged,False,1000,2001,1001,1000,4002,0.03808649998973124,-487328604607932.8,487328604607932.8,98701154.45400374,
C01,Quadratique indéfinie pure,C,Dogleg,10,max_iter_or_not_converged,False,1000,2001,1001,1000,4002,0.05487520000315271,-487328604607932.8,487328604607932.8,98701154.45400374,
C01,Quadratique indéfinie pure,C,Steihaug_CG,10,max_iter_or_not_converged,False,1000,2001,1001,1000,4002,0.050401100001181476,-487328604607932.8,487328604607932.8,98701154.45400374,
C01,Quadratique indéfinie pure,C,BFGS_Armijo,10,max_iter_or_not_converged,False,500,1501,1001,0,2502,0.03112899999541696,nan,nan,nan,
C01,Quadratique indéfinie pure,C,BFGS_Wolfe,10,exception,False,0,8,9,0,17,0.00018170000112149864,nan,nan,nan,ZeroDivisionError: float division by zero
C01,Quadratique indéfinie pure,C,Newton_BT,10,max_iter_or_not_converged,False,100,301,200,100,601,0.004574499995214865,-9.49526382302309e+206,9.49526382302309e+206,1.378061233982227e+104,
C01,Quadratique indéfinie pure,C,Cauchy_Point,50,max_iter_or_not_converged,False,1000,2001,1001,1000,4002,0.06509069999447092,-2390435299440278.0,2390435299440278.0,484650547.5159379,
C01,Quadratique indéfinie pure,C,Dogleg,50,max_iter_or_not_converged,False,1000,2001,1001,1000,4002,0.08913530000427272,-2390435299440278.0,2390435299440278.0,484650547.5159379,
C01,Quadratique indéfinie pure,C,Steihaug_CG,50,max_iter_or_not_converged,False,1000,2001,1001,1000,4002,0.07556620000104886,-2390435299440278.0,2390435299440278.0,484650547.5159379,
C01,Quadratique indéfinie pure,C,BFGS_Armijo,50,max_iter_or_not_converged,False,500,1501,1001,0,2502,0.035968900003354065,nan,nan,nan,
C01,Quadratique indéfinie pure,C,BFGS_Wolfe,50,exception,False,0,8,9,0,17,0.0002565000031609088,nan,nan,nan,ZeroDivisionError: float division by zero
C01,Quadratique indéfinie pure,C,Newton_BT,50,max_iter_or_not_converged,False,100,301,200,100,601,0.06450350000523031,-6.490495759831187e+294,6.490495759831187e+294,2.390211750593208e+148,
C01,Quadratique indéfinie pure,C,Cauchy_Point,100,max_iter_or_not_converged,False,1000,2001,1001,1000,4002,0.2429680999921402,-4744985283897136.0,4744985283897136.0,962137790.9757184,
C01,Quadratique indéfinie pure,C,Dogleg,100,max_iter_or_not_converged,False,1000,2001,1001,1000,4002,0.29595729999709874,-4744985283897136.0,4744985283897136.0,962137790.9757184,
C01,Quadratique indéfinie pure,C,Steihaug_CG,100,max_iter_or_not_converged,False,1000,2001,1001,1000,4002,0.25709939999796916,-4744985283897136.0,4744985283897136.0,962137790.9757184,
C01,Quadratique indéfinie pure,C,BFGS_Armijo,100,max_iter_or_not_converged,False,500,1593,1001,0,2594,0.09550399999716319,nan,nan,nan,
C01,Quadratique indéfinie pure,C,BFGS_Wolfe,100,exception,False,0,8,9,0,17,0.0004678999976022169,nan,nan,nan,ZeroDivisionError: float division by zero
C01,Quadratique indéfinie pure,C,Newton_BT,100,success,True,81,242,161,81,484,0.11932549999619368,0.0,0.0,0.0,
C01,Quadratique indéfinie pure,C,Cauchy_Point,500,max_iter_or_not_converged,False,1000,2001,1001,1000,4002,0.9004376000084449,-2.3534098638240812e+16,2.3534098638240812e+16,4772516320.335862,
C01,Quadratique indéfinie pure,C,Dogleg,500,max_iter_or_not_converged,False,1000,2001,1001,1000,4002,3.8443980000010924,-2.3534098638240812e+16,2.3534098638240812e+16,4772516320.335862,
C01,Quadratique indéfinie pure,C,Steihaug_CG,500,max_iter_or_not_converged,False,1000,2001,1001,1000,4002,0.9163654000003589,-2.3534098638240812e+16,2.3534098638240812e+16,4772516320.335862,
C01,Quadratique indéfinie pure,C,BFGS_Armijo,500,max_iter_or_not_converged,False,500,1501,1001,0,2502,0.49707820000185166,nan,nan,nan,
C01,Quadratique indéfinie pure,C,BFGS_Wolfe,500,exception,False,0,8,9,0,17,0.0023197000118670985,nan,nan,nan,ZeroDivisionError: float division by zero
C01,Quadratique indéfinie pure,C,Newton_BT,500,success,True,69,206,137,69,412,0.4919006999989506,0.0,0.0,0.0,
C01,Quadratique indéfinie pure,C,Cauchy_Point,1000,max_iter_or_not_converged,False,1000,2001,1001,1000,4002,3.4965152999939164,-4.699718919173854e+16,4.699718919173854e+16,9531049165.581564,
C01,Quadratique indéfinie pure,C,Dogleg,1000,max_iter_or_not_converged,False,1000,2001,1001,1000,4002,19.150179000003845,-4.699718919173854e+16,4.699718919173854e+16,9531049165.581564,
C01,Quadratique indéfinie pure,C,Steihaug_CG,1000,max_iter_or_not_converged,False,1000,2001,1001,1000,4002,3.4809559999994235,-4.699718919173854e+16,4.699718919173854e+16,9531049165.581564,
C01,Quadratique indéfinie pure,C,BFGS_Armijo,1000,max_iter_or_not_converged,False,500,1639,1001,0,2640,1.7447402000107104,nan,nan,nan,
C01,Quadratique indéfinie pure,C,BFGS_Wolfe,1000,exception,False,0,8,9,0,17,0.007551999995484948,nan,nan,nan,ZeroDivisionError: float division by zero
C01,Quadratique indéfinie pure,C,Newton_BT,1000,success,True,67,200,133,67,400,1.216731799999252,0.0,0.0,0.0,
C02,"Himmelblau (n=2, 4 minima)",C,Cauchy_Point,2,success,True,37,75,38,38,151,0.0011249000090174377,3.092045639230086e-14,3.092045639230086e-14,8.888849123335006e-07,
C02,"Himmelblau (n=2, 4 minima)",C,Dogleg,2,success,True,44,89,45,45,179,0.002372599992668256,2.2041517753142664e-14,2.2041517753142664e-14,7.604687159753003e-07,
C02,"Himmelblau (n=2, 4 minima)",C,Steihaug_CG,2,success,True,36,73,37,37,147,0.0018609999970067292,1.965840917391459e-14,1.965840917391459e-14,7.181826009724948e-07,
C02,"Himmelblau (n=2, 4 minima)",C,BFGS_Armijo,2,success,True,11,41,21,0,62,0.0005355000030249357,6.134173991102092e-16,6.134173991102092e-16,1.5079269926050799e-07,
C02,"Himmelblau (n=2, 4 minima)",C,BFGS_Wolfe,2,success,True,8,28,32,0,60,0.0005567000043811277,6.51047309598375e-15,6.51047309598375e-15,6.099017769809596e-07,
C02,"Himmelblau (n=2, 4 minima)",C,Newton_BT,2,success,True,19,71,37,19,127,0.0006940000021131709,3.2337781180561598e-15,3.2337781180561598e-15,2.9128244388193184e-07,
C02,"Himmelblau (n=2, 4 minima)",C,Cauchy_Point,2,success,True,37,75,38,38,151,0.0011700000031851232,3.092045639230086e-14,3.092045639230086e-14,8.888849123335006e-07,
C02,"Himmelblau (n=2, 4 minima)",C,Dogleg,2,success,True,44,89,45,45,179,0.002438399998936802,2.2041517753142664e-14,2.2041517753142664e-14,7.604687159753003e-07,
C02,"Himmelblau (n=2, 4 minima)",C,Steihaug_CG,2,success,True,36,73,37,37,147,0.0018832999921869487,1.965840917391459e-14,1.965840917391459e-14,7.181826009724948e-07,
C02,"Himmelblau (n=2, 4 minima)",C,BFGS_Armijo,2,success,True,11,41,21,0,62,0.000538099993718788,6.134173991102092e-16,6.134173991102092e-16,1.5079269926050799e-07,
C02,"Himmelblau (n=2, 4 minima)",C,BFGS_Wolfe,2,success,True,8,28,32,0,60,0.0005591999943135306,6.51047309598375e-15,6.51047309598375e-15,6.099017769809596e-07,
C02,"Himmelblau (n=2, 4 minima)",C,Newton_BT,2,success,True,19,71,37,19,127,0.0006317999941529706,3.2337781180561598e-15,3.2337781180561598e-15,2.9128244388193184e-07,
C02,"Himmelblau (n=2, 4 minima)",C,Cauchy_Point,2,success,True,37,75,38,38,151,0.0010896000021602958,3.092045639230086e-14,3.092045639230086e-14,8.888849123335006e-07,
C02,"Himmelblau (n=2, 4 minima)",C,Dogleg,2,success,True,44,89,45,45,179,0.0025449999957345426,2.2041517753142664e-14,2.2041517753142664e-14,7.604687159753003e-07,
C02,"Himmelblau (n=2, 4 minima)",C,Steihaug_CG,2,success,True,36,73,37,37,147,0.0020041999960085377,1.965840917391459e-14,1.965840917391459e-14,7.181826009724948e-07,
C02,"Himmelblau (n=2, 4 minima)",C,BFGS_Armijo,2,success,True,11,41,21,0,62,0.0007077000045683235,6.134173991102092e-16,6.134173991102092e-16,1.5079269926050799e-07,
C02,"Himmelblau (n=2, 4 minima)",C,BFGS_Wolfe,2,success,True,8,28,32,0,60,0.0006025000038789585,6.51047309598375e-15,6.51047309598375e-15,6.099017769809596e-07,
C02,"Himmelblau (n=2, 4 minima)",C,Newton_BT,2,success,True,19,71,37,19,127,0.0007536000048276037,3.2337781180561598e-15,3.2337781180561598e-15,2.9128244388193184e-07,
C02,"Himmelblau (n=2, 4 minima)",C,Cauchy_Point,2,success,True,37,75,38,38,151,0.0011183999886270612,3.092045639230086e-14,3.092045639230086e-14,8.888849123335006e-07,
C02,"Himmelblau (n=2, 4 minima)",C,Dogleg,2,success,True,44,89,45,45,179,0.0024502000014763325,2.2041517753142664e-14,2.2041517753142664e-14,7.604687159753003e-07,
C02,"Himmelblau (n=2, 4 minima)",C,Steihaug_CG,2,success,True,36,73,37,37,147,0.00199570000404492,1.965840917391459e-14,1.965840917391459e-14,7.181826009724948e-07,
C02,"Himmelblau (n=2, 4 minima)",C,BFGS_Armijo,2,success,True,11,41,21,0,62,0.0005458999949041754,6.134173991102092e-16,6.134173991102092e-16,1.5079269926050799e-07,
C02,"Himmelblau (n=2, 4 minima)",C,BFGS_Wolfe,2,success,True,8,28,32,0,60,0.0005853999900864437,6.51047309598375e-15,6.51047309598375e-15,6.099017769809596e-07,
C02,"Himmelblau (n=2, 4 minima)",C,Newton_BT,2,success,True,19,71,37,19,127,0.0006532000115839764,3.2337781180561598e-15,3.2337781180561598e-15,2.9128244388193184e-07,
C02,"Himmelblau (n=2, 4 minima)",C,Cauchy_Point,2,success,True,37,75,38,38,151,0.0011082999990321696,3.092045639230086e-14,3.092045639230086e-14,8.888849123335006e-07,
C02,"Himmelblau (n=2, 4 minima)",C,Dogleg,2,success,True,44,89,45,45,179,0.00251060001028236,2.2041517753142664e-14,2.2041517753142664e-14,7.604687159753003e-07,
C02,"Himmelblau (n=2, 4 minima)",C,Steihaug_CG,2,success,True,36,73,37,37,147,0.0020723000052385032,1.965840917391459e-14,1.965840917391459e-14,7.181826009724948e-07,
C02,"Himmelblau (n=2, 4 minima)",C,BFGS_Armijo,2,success,True,11,41,21,0,62,0.0006439999997382984,6.134173991102092e-16,6.134173991102092e-16,1.5079269926050799e-07,
C02,"Himmelblau (n=2, 4 minima)",C,BFGS_Wolfe,2,success,True,8,28,32,0,60,0.0007910999993328005,6.51047309598375e-15,6.51047309598375e-15,6.099017769809596e-07,
C02,"Himmelblau (n=2, 4 minima)",C,Newton_BT,2,success,True,19,71,37,19,127,0.0006890000076964498,3.2337781180561598e-15,3.2337781180561598e-15,2.9128244388193184e-07,
C03,Ackley (indéfinie à l'origine),C,Cauchy_Point,10,success,True,52,105,53,53,211,0.005581700010225177,3.9968028886505635e-15,3.9968028886505635e-15,2.0697038418651e-14,
C03,Ackley (indéfinie à l'origine),C,Dogleg,10,success,True,52,105,53,53,211,0.006940700011909939,3.9968028886505635e-15,3.9968028886505635e-15,2.0697038418651e-14,
C03,Ackley (indéfinie à l'origine),C,Steihaug_CG,10,success,True,52,105,53,53,211,0.006751699998858385,3.9968028886505635e-15,3.9968028886505635e-15,2.1987572531226322e-14,
C03,Ackley (indéfinie à l'origine),C,BFGS_Armijo,10,success,True,119,812,237,0,1049,0.018183499996666797,1.1102230246251565e-14,1.1102230246251565e-14,8.77574242882032e-14,
C03,Ackley (indéfinie à l'origine),C,BFGS_Wolfe,10,success,True,115,772,1200,0,1972,0.04053790000034496,1.1102230246251565e-14,1.1102230246251565e-14,9.511499882038672e-14,
C03,Ackley (indéfinie à l'origine),C,Newton_BT,10,success,True,18,343,35,18,396,0.0063805999961914495,7.549516567451064e-15,7.549516567451064e-15,5.4555820699665247e-14,
C03,Ackley (indéfinie à l'origine),C,Cauchy_Point,50,success,True,57,115,58,58,231,0.007540100006735884,3.9968028886505635e-15,3.9968028886505635e-15,1.1390820084324412e-14,
C03,Ackley (indéfinie à l'origine),C,Dogleg,50,success,True,57,115,58,58,231,0.07228720000421163,3.9968028886505635e-15,3.9968028886505635e-15,1.1390820084324412e-14,
C03,Ackley (indéfinie à l'origine),C,Steihaug_CG,50,success,True,57,115,58,58,231,0.008211500011384487,3.9968028886505635e-15,3.9968028886505635e-15,1.109183190385732e-14,
C03,Ackley (indéfinie à l'origine),C,BFGS_Armijo,50,max_iter_or_not_converged,False,500,12012,1001,0,13013,0.1739569999917876,2.646632824010453e-08,2.646632824010453e-08,0.5656855246166526,
C03,Ackley (indéfinie à l'origine),C,BFGS_Wolfe,50,max_iter_or_not_converged,False,500,7599,13234,0,20833,0.3968414999981178,8.7689433492244e-09,8.7689433492244e-09,0.5656854579714988,
C03,Ackley (indéfinie à l'origine),C,Newton_BT,50,success,True,32,700,63,32,795,0.03212879999773577,3.9968028886505635e-15,3.9968028886505635e-15,1.952566437235429e-14,
C03,Ackley (indéfinie à l'origine),C,Cauchy_Point,100,success,True,59,119,60,60,239,0.020863500001723878,3.9968028886505635e-15,3.9968028886505635e-15,5.6370712083501184e-15,
C03,Ackley (indéfinie à l'origine),C,Dogleg,100,success,True,59,119,60,60,239,0.1771253000042634,3.9968028886505635e-15,3.9968028886505635e-15,5.6370712083501184e-15,
C03,Ackley (indéfinie à l'origine),C,Steihaug_CG,100,success,True,59,119,60,60,239,0.021598199993604794,3.9968028886505635e-15,3.9968028886505635e-15,5.5725279111071594e-15,
C03,Ackley (indéfinie à l'origine),C,BFGS_Armijo,100,max_iter_or_not_converged,False,500,22217,1001,0,23218,0.3578406000015093,5.794472901499148e-09,5.794472901499148e-09,0.4000000154297391,
C03,Ackley (indéfinie à l'origine),C,BFGS_Wolfe,100,max_iter_or_not_converged,False,500,5913,10024,0,15937,0.36963670000841375,5.683887582819125e-09,5.683887582819125e-09,0.4000000151352652,
C03,Ackley (indéfinie à l'origine),C,Newton_BT,100,success,True,28,590,55,28,673,0.048013599996920675,4.440892098500626e-16,4.440892098500626e-16,1.0838725773635694e-15,
C03,Ackley (indéfinie à l'origine),C,Cauchy_Point,500,success,True,53,107,54,54,215,0.45559009999851696,4.440892098500626e-16,4.440892098500626e-16,7.520322392449787e-16,
C03,Ackley (indéfinie à l'origine),C,Dogleg,500,success,True,53,107,54,54,215,1.3144724000012502,4.440892098500626e-16,4.440892098500626e-16,7.520322392449787e-16,
C03,Ackley (indéfinie à l'origine),C,Steihaug_CG,500,success,True,53,107,54,54,215,0.46093080000719056,4.440892098500626e-16,4.440892098500626e-16,5.398455992321466e-16,
C03,Ackley (indéfinie à l'origine),C,BFGS_Armijo,500,max_iter_or_not_converged,False,500,20979,1001,0,21980,1.0393498000048567,2.7773485733462167e-09,2.7773485733462167e-09,0.17888544150740904,
C03,Ackley (indéfinie à l'origine),C,BFGS_Wolfe,500,exception,False,0,8,9,0,17,0.0012451999937184155,nan,nan,nan,ZeroDivisionError: float division by zero
C03,Ackley (indéfinie à l'origine),C,Newton_BT,500,success,True,29,469,57,29,555,0.41509160000714473,4.440892098500626e-16,4.440892098500626e-16,8.113462607540314e-16,
C03,Ackley (indéfinie à l'origine),C,Cauchy_Point,1000,success,True,63,127,64,64,255,2.205385199995362,4.440892098500626e-16,4.440892098500626e-16,4.675790611594522e-17,
C03,Ackley (indéfinie à l'origine),C,Dogleg,1000,success,True,63,127,64,64,255,5.238116499996977,4.440892098500626e-16,4.440892098500626e-16,4.675790611594522e-17,
C03,Ackley (indéfinie à l'origine),C,Steihaug_CG,1000,success,True,63,127,64,64,255,2.203023199996096,4.440892098500626e-16,4.440892098500626e-16,1.185931248710774e-16,
C03,Ackley (indéfinie à l'origine),C,BFGS_Armijo,1000,max_iter_or_not_converged,False,500,10381,1001,0,11382,3.3470140999997966,7.87408938052181e-09,7.87408938052181e-09,0.1264911130372142,
C03,Ackley (indéfinie à l'origine),C,BFGS_Wolfe,1000,exception,False,0,8,9,0,17,0.004903399996692315,nan,nan,nan,ZeroDivisionError: float division by zero
C03,Ackley (indéfinie à l'origine),C,Newton_BT,1000,success,True,45,668,89,45,802,2.1990991000056965,4.440892098500626e-16,4.440892098500626e-16,2.831215109423334e-16,
C04,Goldstein-Price (n=2),C,Cauchy_Point,2,max_iter_or_not_converged,False,1000,2001,1001,1000,4002,0.0973249999951804,30.0,30.0,1.1661197507015989e-06,
C04,Goldstein-Price (n=2),C,Dogleg,2,max_iter_or_not_converged,False,1000,2001,1001,1000,4002,0.11955190000298899,30.0,30.0,1.2834125918771074e-06,
C04,Goldstein-Price (n=2),C,Steihaug_CG,2,success,True,8,17,9,9,35,0.000988499989034608,30.0,30.0,5.02429586778808e-09,
C04,Goldstein-Price (n=2),C,BFGS_Armijo,2,success,True,19,82,37,0,119,0.0013112000015098602,2.9999999999999893,2.9999999999999893,2.243639599276493e-08,
C04,Goldstein-Price (n=2),C,BFGS_Wolfe,2,max_iter_or_not_converged,False,500,5914,9842,0,15756,0.20477130000654142,2.9999999999999596,2.9999999999999596,2.3313362208552323e-06,
C04,Goldstein-Price (n=2),C,Newton_BT,2,success,True,17,114,33,17,164,0.00214760001108516,2.9999999999999893,2.9999999999999893,2.7261797085506776e-08,
C04,Goldstein-Price (n=2),C,Cauchy_Point,2,max_iter_or_not_converged,False,1000,2001,1001,1000,4002,0.09858069999609143,30.0,30.0,1.1661197507015989e-06,
C04,Goldstein-Price (n=2),C,Dogleg,2,max_iter_or_not_converged,False,1000,2001,1001,1000,4002,0.11896610000985675,30.0,30.0,1.2834125918771074e-06,
C04,Goldstein-Price (n=2),C,Steihaug_CG,2,success,True,8,17,9,9,35,0.0009785000002011657,30.0,30.0,5.02429586778808e-09,
C04,Goldstein-Price (n=2),C,BFGS_Armijo,2,success,True,19,82,37,0,119,0.001342500007012859,2.9999999999999893,2.9999999999999893,2.243639599276493e-08,
C04,Goldstein-Price (n=2),C,BFGS_Wolfe,2,max_iter_or_not_converged,False,500,5914,9842,0,15756,0.20537209999747574,2.9999999999999596,2.9999999999999596,2.3313362208552323e-06,
C04,Goldstein-Price (n=2),C,Newton_BT,2,success,True,17,114,33,17,164,0.002121899990015663,2.9999999999999893,2.9999999999999893,2.7261797085506776e-08,
C04,Goldstein-Price (n=2),C,Cauchy_Point,2,max_iter_or_not_converged,False,1000,2001,1001,1000,4002,0.09958129998994991,30.0,30.0,1.1661197507015989e-06,
C04,Goldstein-Price (n=2),C,Dogleg,2,max_iter_or_not_converged,False,1000,2001,1001,1000,4002,0.11955450000823475,30.0,30.0,1.2834125918771074e-06,
C04,Goldstein-Price (n=2),C,Steihaug_CG,2,success,True,8,17,9,9,35,0.0010008999961428344,30.0,30.0,5.02429586778808e-09,
C04,Goldstein-Price (n=2),C,BFGS_Armijo,2,success,True,19,82,37,0,119,0.0013612999900942668,2.9999999999999893,2.9999999999999893,2.243639599276493e-08,
C04,Goldstein-Price (n=2),C,BFGS_Wolfe,2,max_iter_or_not_converged,False,500,5914,9842,0,15756,0.20388999998976942,2.9999999999999596,2.9999999999999596,2.3313362208552323e-06,
C04,Goldstein-Price (n=2),C,Newton_BT,2,success,True,17,114,33,17,164,0.0020726000075228512,2.9999999999999893,2.9999999999999893,2.7261797085506776e-08,
C04,Goldstein-Price (n=2),C,Cauchy_Point,2,max_iter_or_not_converged,False,1000,2001,1001,1000,4002,0.09802820000913925,30.0,30.0,1.1661197507015989e-06,
C04,Goldstein-Price (n=2),C,Dogleg,2,max_iter_or_not_converged,False,1000,2001,1001,1000,4002,0.11997759999940172,30.0,30.0,1.2834125918771074e-06,
C04,Goldstein-Price (n=2),C,Steihaug_CG,2,success,True,8,17,9,9,35,0.0011866999993799254,30.0,30.0,5.02429586778808e-09,
C04,Goldstein-Price (n=2),C,BFGS_Armijo,2,success,True,19,82,37,0,119,0.0013556000048993155,2.9999999999999893,2.9999999999999893,2.243639599276493e-08,
C04,Goldstein-Price (n=2),C,BFGS_Wolfe,2,max_iter_or_not_converged,False,500,5914,9842,0,15756,0.20603260000643786,2.9999999999999596,2.9999999999999596,2.3313362208552323e-06,
C04,Goldstein-Price (n=2),C,Newton_BT,2,success,True,17,114,33,17,164,0.0022195000055944547,2.9999999999999893,2.9999999999999893,2.7261797085506776e-08,
C04,Goldstein-Price (n=2),C,Cauchy_Point,2,max_iter_or_not_converged,False,1000,2001,1001,1000,4002,0.09849360000225715,30.0,30.0,1.1661197507015989e-06,
C04,Goldstein-Price (n=2),C,Dogleg,2,max_iter_or_not_converged,False,1000,2001,1001,1000,4002,0.12275720000616275,30.0,30.0,1.2834125918771074e-06,
C04,Goldstein-Price (n=2),C,Steihaug_CG,2,success,True,8,17,9,9,35,0.000997000010102056,30.0,30.0,5.02429586778808e-09,
C04,Goldstein-Price (n=2),C,BFGS_Armijo,2,success,True,19,82,37,0,119,0.0013289000053191558,2.9999999999999893,2.9999999999999893,2.243639599276493e-08,
C04,Goldstein-Price (n=2),C,BFGS_Wolfe,2,max_iter_or_not_converged,False,500,5914,9842,0,15756,0.20551030000206083,2.9999999999999596,2.9999999999999596,2.3313362208552323e-06,
C04,Goldstein-Price (n=2),C,Newton_BT,2,success,True,17,114,33,17,164,0.0021426000021165237,2.9999999999999893,2.9999999999999893,2.7261797085506776e-08,
C05,Chaîne double-puits (2ⁿ minima),C,Cauchy_Point,10,success,True,7,15,8,8,31,0.0005489000031957403,9.469940732584354e-16,9.469940732584354e-16,1.2575249650832247e-07,
C05,Chaîne double-puits (2ⁿ minima),C,Dogleg,10,success,True,6,13,7,7,27,0.0005803000094601884,2.358838416636961e-20,2.358838416636961e-20,6.217796758830629e-10,
C05,Chaîne double-puits (2ⁿ minima),C,Steihaug_CG,10,success,True,6,13,7,7,27,0.0005367999983718619,2.524374159272755e-15,2.524374159272755e-15,2.0817433156937981e-07,
C05,Chaîne double-puits (2ⁿ minima),C,BFGS_Armijo,10,success,True,23,89,45,0,134,0.002591600001323968,7.365178039181609e-16,7.365178039181609e-16,1.1015868124939449e-07,
C05,Chaîne double-puits (2ⁿ minima),C,BFGS_Wolfe,10,success,True,18,64,74,0,138,0.002352499999688007,4.8604543773711935e-14,4.8604543773711935e-14,8.96706399171298e-07,
C05,Chaîne double-puits (2ⁿ minima),C,Newton_BT,10,success,True,6,18,11,6,35,0.0005209000082686543,7.751768716016294e-15,7.751768716016294e-15,3.5691987816013314e-07,
C05,Chaîne double-puits (2ⁿ minima),C,Cauchy_Point,50,success,True,7,15,8,8,31,0.0008770999993430451,5.742745632792241e-14,5.742745632792241e-14,9.804271603994409e-07,
C05,Chaîne double-puits (2ⁿ minima),C,Dogleg,50,success,True,5,11,6,6,23,0.004830999998375773,2.2448552973502367e-15,2.2448552973502367e-15,1.918418973625069e-07,
C05,Chaîne double-puits (2ⁿ minima),C,Steihaug_CG,50,success,True,6,13,7,7,27,0.0008204000041587278,9.912997360714508e-17,9.912997360714508e-17,4.079194594809201e-08,
C05,Chaîne double-puits (2ⁿ minima),C,BFGS_Armijo,50,success,True,25,101,49,0,150,0.0035447999980533496,3.0513577271894145e-14,3.0513577271894145e-14,7.217833673754937e-07,
C05,Chaîne double-puits (2ⁿ minima),C,BFGS_Wolfe,50,success,True,26,95,112,0,207,0.004058000005898066,4.065943743776816e-14,4.065943743776816e-14,8.269297085636443e-07,
C05,Chaîne double-puits (2ⁿ minima),C,Newton_BT,50,success,True,6,18,11,6,35,0.0035097999934805557,1.2945472344442504e-14,1.2945472344442504e-14,4.6302677142002905e-07,
C05,Chaîne double-puits (2ⁿ minima),C,Cauchy_Point,100,success,True,9,19,10,10,39,0.002553799989982508,8.154483888758252e-16,8.154483888758252e-16,1.1520138498652932e-07,
C05,Chaîne double-puits (2ⁿ minima),C,Dogleg,100,success,True,7,15,8,8,31,0.017046599998138845,1.22129936341194e-21,1.22129936341194e-21,1.4149369153070428e-10,
C05,Chaîne double-puits (2ⁿ minima),C,Steihaug_CG,100,success,True,8,17,9,9,35,0.002830299999914132,4.4226229741917e-19,4.4226229741917e-19,2.7329446194972096e-09,
C05,Chaîne double-puits (2ⁿ minima),C,BFGS_Armijo,100,success,True,27,110,53,0,163,0.011856900004204363,2.677316631005021e-14,2.677316631005021e-14,6.702727237045354e-07,
C05,Chaîne double-puits (2ⁿ minima),C,BFGS_Wolfe,100,success,True,20,71,82,0,153,0.010122000006958842,5.388599674644791e-14,5.388599674644791e-14,9.508930627703362e-07,
C05,Chaîne double-puits (2ⁿ minima),C,Newton_BT,100,success,True,6,18,11,6,35,0.0071629000012762845,1.9437601898160477e-14,1.9437601898160477e-14,5.684595683986514e-07,
C05,Chaîne double-puits (2ⁿ minima),C,Cauchy_Point,500,success,True,10,21,11,11,43,0.010746200001449324,7.92973019427867e-15,7.92973019427867e-15,3.6394908634812577e-07,
C05,Chaîne double-puits (2ⁿ minima),C,Dogleg,500,success,True,8,17,9,9,35,0.10728139999264386,3.237372545132812e-25,3.237372545132812e-25,2.3041926853153922e-12,
C05,Chaîne double-puits (2ⁿ minima),C,Steihaug_CG,500,success,True,9,19,10,10,39,0.009395100001711398,7.037242234253755e-19,7.037242234253755e-19,3.499955804615675e-09,
C05,Chaîne double-puits (2ⁿ minima),C,BFGS_Armijo,500,success,True,31,126,61,0,187,0.3002641999919433,8.047404523021856e-15,8.047404523021856e-15,3.710197100341303e-07,
C05,Chaîne double-puits (2ⁿ minima),C,BFGS_Wolfe,500,success,True,20,72,84,0,156,0.19716379999590572,1.895393749290127e-14,1.895393749290127e-14,5.640374946774458e-07,
C05,Chaîne double-puits (2ⁿ minima),C,Newton_BT,500,success,True,7,21,13,7,41,0.04959329999110196,7.602153936001739e-29,7.602153936001739e-29,3.563173236027657e-14,
C05,Chaîne double-puits (2ⁿ minima),C,Cauchy_Point,1000,success,True,9,19,10,10,39,0.03444829999352805,3.4890428895249775e-14,3.4890428895249775e-14,7.550179244744978e-07,
C05,Chaîne double-puits (2ⁿ minima),C,Dogleg,1000,success,True,7,15,8,8,31,0.2752857000014046,5.921835993930198e-20,5.921835993930198e-20,9.953842329256557e-10,
C05,Chaîne double-puits (2ⁿ minima),C,Steihaug_CG,1000,success,True,8,17,9,9,35,0.031401699990965426,8.208442761606292e-19,8.208442761606292e-19,3.758832875684396e-09,
C05,Chaîne double-puits (2ⁿ minima),C,BFGS_Armijo,1000,success,True,35,137,69,0,206,1.62481179999304,2.6540356588828463e-14,2.6540356588828463e-14,6.676931082188382e-07,
C05,Chaîne double-puits (2ⁿ minima),C,BFGS_Wolfe,1000,success,True,24,84,96,0,180,1.0522190000046976,3.422711952841089e-14,3.422711952841089e-14,7.44929475247727e-07,
C05,Chaîne double-puits (2ⁿ minima),C,Newton_BT,1000,success,True,7,21,13,7,41,0.11589149999781512,1.2779053626514629e-28,1.2779053626514629e-28,4.627430876051632e-14,
C06,Rastrigin (indéfinie presque partout),C,Cauchy_Point,10,success,True,4,9,5,5,19,0.00027480001153890043,0.0,0.0,3.5104043439521725e-07,
C06,Rastrigin (indéfinie presque partout),C,Dogleg,10,success,True,5,11,6,6,23,0.00040530000114813447,0.0,0.0,6.458361717139977e-20,
C06,Rastrigin (indéfinie presque partout),C,Steihaug_CG,10,success,True,4,9,5,5,19,0.00029240000003483146,0.0,0.0,3.510404344292271e-07,
C06,Rastrigin (indéfinie presque partout),C,BFGS_Armijo,10,success,True,53,496,105,0,601,0.005457600011141039,9.949590570932912,9.949590570932912,9.707615946045913e-07,
C06,Rastrigin (indéfinie presque partout),C,BFGS_Wolfe,10,max_iter_or_not_converged,False,500,11822,21652,0,33474,0.3162426999915624,1.4210854715202004e-14,1.4210854715202004e-14,4.276467901688052e-06,
C06,Rastrigin (indéfinie presque partout),C,Newton_BT,10,success,True,7,28,13,7,48,0.00048489999608136714,0.0,0.0,1.896929013647913e-10,
C06,Rastrigin (indéfinie presque partout),C,Cauchy_Point,50,success,True,5,11,6,6,23,0.00031550000130664557,0.0,0.0,3.3076639668525158e-21,
C06,Rastrigin (indéfinie presque partout),C,Dogleg,50,success,True,5,11,6,6,23,0.005559599987464026,0.0,0.0,2.7898035112241136e-20,
C06,Rastrigin (indéfinie presque partout),C,Steihaug_CG,50,success,True,5,11,6,6,23,0.0004037000035168603,0.0,0.0,8.330000663299067e-21,
C06,Rastrigin (indéfinie presque partout),C,BFGS_Armijo,50,max_iter_or_not_converged,False,500,16480,1001,0,17481,0.1555508000019472,49.74795285466462,49.74795285466462,9.936249121944249e-06,
C06,Rastrigin (indéfinie presque partout),C,BFGS_Wolfe,50,max_iter_or_not_converged,False,500,10349,18706,0,29055,0.27890150000166614,5.684341886080802e-14,5.684341886080802e-14,9.5653993013934e-06,
C06,Rastrigin (indéfinie presque partout),C,Newton_BT,50,success,True,7,28,13,7,48,0.00519969999731984,0.0,0.0,4.2416622230083597e-10,
C06,Rastrigin (indéfinie presque partout),C,Cauchy_Point,100,success,True,5,11,6,6,23,0.0012497999996412545,0.0,0.0,7.005309154669084e-10,
C06,Rastrigin (indéfinie presque partout),C,Dogleg,100,success,True,5,11,6,6,23,0.012928399999509566,0.0,0.0,3.1095203325332334e-09,
C06,Rastrigin (indéfinie presque partout),C,Steihaug_CG,100,success,True,5,11,6,6,23,0.0012900000001536682,0.0,0.0,7.005309288399546e-10,
C06,Rastrigin (indéfinie presque partout),C,BFGS_Armijo,100,success,True,15,85,29,0,114,0.0066756000014720485,99.49590570932924,99.49590570932924,1.7588993533814077e-08,
C06,Rastrigin (indéfinie presque partout),C,BFGS_Wolfe,100,max_iter_or_not_converged,False,500,10839,19686,0,30525,0.3516399000072852,0.0,0.0,1.3571596191956512e-05,
C06,Rastrigin (indéfinie presque partout),C,Newton_BT,100,success,True,7,28,13,7,48,0.010141100006876513,0.0,0.0,5.998616242784034e-10,
C06,Rastrigin (indéfinie presque partout),C,Cauchy_Point,500,max_iter_or_not_converged,False,1000,2001,1001,1000,4002,0.6094049000093946,0.0,0.0,1.5895129329369492e-05,
C06,Rastrigin (indéfinie presque partout),C,Dogleg,500,success,True,6,13,7,7,27,0.09816250001313165,0.0,0.0,7.265286263367439e-20,
C06,Rastrigin (indéfinie presque partout),C,Steihaug_CG,500,max_iter_or_not_converged,False,1000,2001,1001,1000,4002,0.6284737999958452,0.0,0.0,1.5895129329816522e-05,
C06,Rastrigin (indéfinie presque partout),C,BFGS_Armijo,500,success,True,15,86,29,0,115,0.13797140000679065,497.4795285466462,497.4795285466462,1.9305726358114432e-08,
C06,Rastrigin (indéfinie presque partout),C,BFGS_Wolfe,500,max_iter_or_not_converged,False,500,10839,19686,0,30525,0.7855176000011852,0.0,0.0,3.0403159757863748e-05,
C06,Rastrigin (indéfinie presque partout),C,Newton_BT,500,success,True,7,28,13,7,48,0.04741299999295734,0.0,0.0,1.3413313689799482e-09,
C06,Rastrigin (indéfinie presque partout),C,Cauchy_Point,1000,success,True,5,11,6,6,23,0.014726299996254966,0.0,0.0,3.066338595060699e-11,
C06,Rastrigin (indéfinie presque partout),C,Dogleg,1000,success,True,5,11,6,6,23,0.19690979999722913,0.0,0.0,3.4519611159833404e-11,
C06,Rastrigin (indéfinie presque partout),C,Steihaug_CG,1000,success,True,5,11,6,6,23,0.01624719999381341,0.0,0.0,3.066353474366965e-11,
C06,Rastrigin (indéfinie presque partout),C,BFGS_Armijo,1000,success,True,15,86,29,0,115,0.6302538000018103,994.9590570932924,994.9590570932924,2.5047885361688227e-08,
C06,Rastrigin (indéfinie presque partout),C,BFGS_Wolfe,1000,max_iter_or_not_converged,False,500,10839,19686,0,30525,1.9809307999967132,0.0,0.0,4.3833365112927595e-05,
C06,Rastrigin (indéfinie presque partout),C,Newton_BT,1000,success,True,7,28,13,7,48,0.11132029999862425,0.0,0.0,1.8969290136479144e-09,
C07,Selle hyperbolique étendue,C,Cauchy_Point,10,success,True,11,23,12,12,47,0.0009734999912325293,-124.99999999999999,124.99999999999999,3.3799260115723365e-07,
C07,Selle hyperbolique étendue,C,Dogleg,10,success,True,8,17,9,9,35,0.0008520000119460747,-125.00000000000003,125.00000000000003,9.930136612989092e-14,
C07,Selle hyperbolique étendue,C,Steihaug_CG,10,success,True,9,19,10,10,39,0.0008839000074658543,-124.99999999999999,124.99999999999999,4.044350588667414e-11,
C07,Selle hyperbolique étendue,C,BFGS_Armijo,10,success,True,19,76,37,0,113,0.0019487999961711466,-124.99999999999996,124.99999999999996,4.7478409569861154e-07,
C07,Selle hyperbolique étendue,C,BFGS_Wolfe,10,success,True,11,44,51,0,95,0.0016990000003715977,-124.99999999999997,124.99999999999997,4.704195470943609e-07,
C07,Selle hyperbolique étendue,C,Newton_BT,10,success,True,8,23,15,8,46,0.00079340000229422,-124.99999999999999,124.99999999999999,1.0530314069878153e-10,
C07,Selle hyperbolique étendue,C,Cauchy_Point,50,success,True,14,29,15,15,59,0.0012937999999849126,-625.0,625.0,4.26976842178795e-07,
C07,Selle hyperbolique étendue,C,Dogleg,50,success,True,9,19,10,10,39,0.005735400001867674,-625.0,625.0,9.259526478899716e-10,
C07,Selle hyperbolique étendue,C,Steihaug_CG,50,success,True,9,19,10,10,39,0.0010156000062124804,-625.0000000000001,625.0000000000001,9.221157171288396e-10,
C07,Selle hyperbolique étendue,C,BFGS_Armijo,50,success,True,19,76,37,0,113,0.0028291999915381894,-625.0,625.0,7.783370738094276e-08,
C07,Selle hyperbolique étendue,C,BFGS_Wolfe,50,success,True,12,47,54,0,101,0.00217430001066532,-624.9999999999999,624.9999999999999,9.215031343921085e-07,
C07,Selle hyperbolique étendue,C,Newton_BT,50,success,True,8,23,15,8,46,0.004740500007756054,-624.9999999999999,624.9999999999999,2.354649808467002e-10,
C07,Selle hyperbolique étendue,C,Cauchy_Point,100,success,True,12,25,13,13,51,0.0030509000062011182,-1250.0000000000005,1250.0000000000005,1.0798615253200797e-09,
C07,Selle hyperbolique étendue,C,Dogleg,100,success,True,12,25,13,13,51,0.0247079999971902,-1250.0000000000002,1250.0000000000002,4.521866281009272e-12,
C07,Selle hyperbolique étendue,C,Steihaug_CG,100,success,True,12,25,13,13,51,0.003203199987183325,-1250.0000000000005,1250.0000000000005,1.0798615253208312e-09,
C07,Selle hyperbolique étendue,C,BFGS_Armijo,100,success,True,19,76,37,0,113,0.00976240000454709,-1250.0000000000005,1250.0000000000005,7.325921063205496e-07,
C07,Selle hyperbolique étendue,C,BFGS_Wolfe,100,max_iter_or_not_converged,False,500,4937,7880,0,12817,0.25263589998940006,-1250.0000000000002,1250.0000000000002,1.069053468104776e-06,
C07,Selle hyperbolique étendue,C,Newton_BT,100,success,True,8,23,15,8,46,0.011025500003597699,-1249.9999999999995,1249.9999999999995,3.3299776937732447e-10,
C07,Selle hyperbolique étendue,C,Cauchy_Point,500,success,True,11,23,12,12,47,0.00792060000821948,-6250.000000000001,6250.000000000001,6.858139321237026e-09,
C07,Selle hyperbolique étendue,C,Dogleg,500,success,True,11,23,12,12,47,0.10036419999960344,-6249.999999999999,6249.999999999999,6.601490387634142e-10,
C07,Selle hyperbolique étendue,C,Steihaug_CG,500,success,True,11,23,12,12,47,0.008020900000701658,-6250.000000000001,6250.000000000001,6.858139321237023e-09,
C07,Selle hyperbolique étendue,C,BFGS_Armijo,500,success,True,21,85,41,0,126,0.203690700000152,-6250.0,6250.0,9.451054450766672e-07,
C07,Selle hyperbolique étendue,C,BFGS_Wolfe,500,max_iter_or_not_converged,False,500,4937,7880,0,12817,0.7361314000008861,-6250.0,6250.0,2.4239123110272623e-06,
C07,Selle hyperbolique étendue,C,Newton_BT,500,success,True,8,23,15,8,46,0.05150329999742098,-6249.999999999997,6249.999999999997,7.446056486834954e-10,
C07,Selle hyperbolique étendue,C,Cauchy_Point,1000,success,True,12,25,13,13,51,0.03740730001300108,-12500.000000000005,12500.000000000005,1.943657551824505e-09,
C07,Selle hyperbolique étendue,C,Dogleg,1000,success,True,12,25,13,13,51,0.40651129999605473,-12500.000000000002,12500.000000000002,1.3504985793665166e-12,
C07,Selle hyperbolique étendue,C,Steihaug_CG,1000,success,True,12,25,13,13,51,0.03694069999619387,-12500.000000000005,12500.000000000005,1.943657551824505e-09,
C07,Selle hyperbolique étendue,C,BFGS_Armijo,1000,success,True,21,83,41,0,124,0.9549733000021661,-12499.999999999998,12499.999999999998,4.2622234358736503e-07,
C07,Selle hyperbolique étendue,C,BFGS_Wolfe,1000,max_iter_or_not_converged,False,500,3955,5917,0,9872,1.9635754999908386,-12500.000000000002,12500.000000000002,3.000693035764597e-06,
C07,Selle hyperbolique étendue,C,Newton_BT,1000,success,True,8,23,15,8,46,0.12628730000869837,-12499.999999999995,12499.999999999995,1.0530314069878153e-09,
C08,"Dixon-Price perturbé (μ=8.0, H indéfinie)",C,Cauchy_Point,10,max_iter_or_not_converged,False,1000,2001,1001,1000,4002,0.07895860000280663,-190736056.56262434,190736056.56262434,92812.82191833154,
C08,"Dixon-Price perturbé (μ=8.0, H indéfinie)",C,Dogleg,10,max_iter_or_not_converged,False,1000,2001,1001,1000,4002,0.09476939999149181,-190736056.56262434,190736056.56262434,92812.82191833154,
C08,"Dixon-Price perturbé (μ=8.0, H indéfinie)",C,Steihaug_CG,10,max_iter_or_not_converged,False,1000,2001,1001,1000,4002,0.10651009999855887,-45011517827196.69,45011517827196.69,44428736.708807245,
C08,"Dixon-Price perturbé (μ=8.0, H indéfinie)",C,BFGS_Armijo,10,max_iter_or_not_converged,False,500,3382,1001,0,4383,0.06892649999645073,-6.661839027024875e+141,6.661839027024875e+141,9.058604979065585e+107,
C08,"Dixon-Price perturbé (μ=8.0, H indéfinie)",C,BFGS_Wolfe,10,max_iter_or_not_converged,False,500,4510,7519,0,12029,0.20736259999102913,-6.069717566327676e+135,6.069717566327676e+135,2.8826325590772327e+103,
C08,"Dixon-Price perturbé (μ=8.0, H indéfinie)",C,Newton_BT,10,success,True,8,23,15,8,46,0.0010100999934365973,-29.81846557433891,29.81846557433891,1.1777865622152639e-07,
C08,"Dixon-Price perturbé (μ=8.0, H indéfinie)",C,Cauchy_Point,50,max_iter_or_not_converged,False,1000,2001,1001,1000,4002,0.23655889999645296,-249284362.22881064,249284362.22881064,88679.19412861908,
C08,"Dixon-Price perturbé (μ=8.0, H indéfinie)",C,Dogleg,50,max_iter_or_not_converged,False,1000,2001,1001,1000,4002,0.25754729998880066,-249284362.22881064,249284362.22881064,88679.19412861908,
C08,"Dixon-Price perturbé (μ=8.0, H indéfinie)",C,Steihaug_CG,50,max_iter_or_not_converged,False,1000,2001,1001,1000,4002,0.2637460999976611,-17696729975780.137,17696729975780.137,1030226682.2495515,
C08,"Dixon-Price perturbé (μ=8.0, H indéfinie)",C,BFGS_Armijo,50,max_iter_or_not_converged,False,500,5211,1001,0,6212,0.25693869999668095,-1.715084229606987e+48,1.715084229606987e+48,6.464412109449133e+37,
C08,"Dixon-Price perturbé (μ=8.0, H indéfinie)",C,BFGS_Wolfe,50,max_iter_or_not_converged,False,500,4378,7255,0,11633,0.5967529000045033,-4.4678234438733585e+45,4.4678234438733585e+45,5.131144044969682e+35,
C08,"Dixon-Price perturbé (μ=8.0, H indéfinie)",C,Newton_BT,50,success,True,10,29,19,10,58,0.009467700001550838,-131.18022772518174,131.18022772518174,1.1009113927930633e-13,
C08,"Dixon-Price perturbé (μ=8.0, H indéfinie)",C,Cauchy_Point,100,max_iter_or_not_converged,False,1000,2001,1001,1000,4002,0.5863070999912452,-171004985.28927177,171004985.28927177,128445.39670456019,
C08,"Dixon-Price perturbé (μ=8.0, H indéfinie)",C,Dogleg,100,max_iter_or_not_converged,False,1000,2001,1001,1000,4002,0.6291693000093801,-171004985.28927177,171004985.28927177,128445.39670456019,
C08,"Dixon-Price perturbé (μ=8.0, H indéfinie)",C,Steihaug_CG,100,max_iter_or_not_converged,False,1000,2001,1001,1000,4002,0.7058723000081955,-1374884100787.8955,1374884100787.8955,8536931.61253632,
C08,"Dixon-Price perturbé (μ=8.0, H indéfinie)",C,BFGS_Armijo,100,max_iter_or_not_converged,False,500,6170,1001,0,7171,0.6803809999983059,-6.695960305132678e+29,6.695960305132678e+29,9.2069814941137e+23,
C08,"Dixon-Price perturbé (μ=8.0, H indéfinie)",C,BFGS_Wolfe,100,max_iter_or_not_converged,False,500,4892,8283,0,13175,1.5481621000071755,-5.419219684610736e+27,5.419219684610736e+27,1.9388777974593315e+22,
C08,"Dixon-Price perturbé (μ=8.0, H indéfinie)",C,Newton_BT,100,success,True,10,29,19,10,58,0.018202100007329136,-241.42932594485416,241.42932594485416,2.5340633294914772e-11,
C08,"Dixon-Price perturbé (μ=8.0, H indéfinie)",C,Cauchy_Point,500,max_iter_or_not_converged,False,1000,2001,1001,1000,4002,3.835240200001863,-47016549.63682023,47016549.63682023,50256.25372064537,
C08,"Dixon-Price perturbé (μ=8.0, H indéfinie)",C,Dogleg,500,max_iter_or_not_converged,False,1000,2001,1001,1000,4002,6.528263000000152,-47016549.63682023,47016549.63682023,50256.25372064537,
C08,"Dixon-Price perturbé (μ=8.0, H indéfinie)",C,Steihaug_CG,500,max_iter_or_not_converged,False,1000,2001,1001,1000,4002,3.906150999988313,-50803724887.31656,50803724887.31656,32669022.75879835,
C08,"Dixon-Price perturbé (μ=8.0, H indéfinie)",C,BFGS_Armijo,500,max_iter_or_not_converged,False,500,9685,1001,0,10686,8.087468700003228,-18883742373.15204,18883742373.15204,2463106557.866691,
C08,"Dixon-Price perturbé (μ=8.0, H indéfinie)",C,BFGS_Wolfe,500,max_iter_or_not_converged,False,500,6279,11057,0,17336,12.325640299997758,-4040017542.7101746,4040017542.7101746,588865862.1650679,
C08,"Dixon-Price perturbé (μ=8.0, H indéfinie)",C,Newton_BT,500,success,True,10,29,19,10,58,0.10377410000364762,-1066.4019859949826,1066.4019859949826,9.97688398722821e-08,
C08,"Dixon-Price perturbé (μ=8.0, H indéfinie)",C,Cauchy_Point,1000,max_iter_or_not_converged,False,1000,2001,1001,1000,4002,12.896114999995916,-3130.6062292672705,3130.6062292672705,235.54860758901,
C08,"Dixon-Price perturbé (μ=8.0, H indéfinie)",C,Dogleg,1000,max_iter_or_not_converged,False,1000,2001,1001,1000,4002,27.573900499992305,-3130.6062292672705,3130.6062292672705,235.54860758901,
C08,"Dixon-Price perturbé (μ=8.0, H indéfinie)",C,Steihaug_CG,1000,max_iter_or_not_converged,False,1000,2001,1001,1000,4002,13.724603900001966,-8451189142.793009,8451189142.793009,844392.7735623311,
C08,"Dixon-Price perturbé (μ=8.0, H indéfinie)",C,BFGS_Armijo,1000,max_iter_or_not_converged,False,500,9476,1001,0,10477,29.88336629999685,-1783185954.7503471,1783185954.7503471,370747083.052119,
C08,"Dixon-Price perturbé (μ=8.0, H indéfinie)",C,BFGS_Wolfe,1000,max_iter_or_not_converged,False,500,6360,11219,0,17579,38.546817500013276,-1849126395.8513184,1849126395.8513184,294445564.4398432,
C08,"Dixon-Price perturbé (μ=8.0, H indéfinie)",C,Newton_BT,1000,success,True,10,29,19,10,58,0.27909540000837296,-2077.3864357726534,2077.3864357726534,6.505203422294805e-07,
C09,"Booth perturbé (ν=3.0, courbure croisée négative)",C,Cauchy_Point,10,max_iter_or_not_converged,False,1000,2001,1001,1000,4002,0.049489500001072884,-1.4271965449491475e+27,1.4271965449491475e+27,5.780236996121476e+20,
C09,"Booth perturbé (ν=3.0, courbure croisée négative)",C,Dogleg,10,max_iter_or_not_converged,False,1000,2001,1001,1000,4002,0.06635779999487568,-1.4271965449491475e+27,1.4271965449491475e+27,5.780236996121476e+20,
C09,"Booth perturbé (ν=3.0, courbure croisée négative)",C,Steihaug_CG,10,max_iter_or_not_converged,False,1000,2001,1001,1000,4002,0.05863939999835566,-1.4271965449491475e+27,1.4271965449491475e+27,5.780236996121476e+20,
C09,"Booth perturbé (ν=3.0, courbure croisée négative)",C,BFGS_Armijo,10,max_iter_or_not_converged,False,500,1501,1001,0,2502,0.027847499994095415,nan,nan,nan,
C09,"Booth perturbé (ν=3.0, courbure croisée négative)",C,BFGS_Wolfe,10,exception,False,0,8,9,0,17,0.00021910000941716135,nan,nan,nan,ZeroDivisionError: float division by zero
C09,"Booth perturbé (ν=3.0, courbure croisée négative)",C,Newton_BT,10,max_iter_or_not_converged,False,100,301,200,100,601,0.006288999997195788,nan,nan,nan,
C09,"Booth perturbé (ν=3.0, courbure croisée négative)",C,Cauchy_Point,50,max_iter_or_not_converged,False,1000,2001,1001,1000,4002,0.13963979999243747,-2.854399863549443e+26,2.854399863549443e+26,1.156049456753321e+20,
C09,"Booth perturbé (ν=3.0, courbure croisée négative)",C,Dogleg,50,max_iter_or_not_converged,False,1000,2001,1001,1000,4002,0.16291610000189394,-2.854399863549443e+26,2.854399863549443e+26,1.156049456753321e+20,
C09,"Booth perturbé (ν=3.0, courbure croisée négative)",C,Steihaug_CG,50,max_iter_or_not_converged,False,1000,2001,1001,1000,4002,0.14715390000492334,-2.854399863549443e+26,2.854399863549443e+26,1.156049456753321e+20,
C09,"Booth perturbé (ν=3.0, courbure croisée négative)",C,BFGS_Armijo,50,max_iter_or_not_converged,False,500,1501,1001,0,2502,0.08193919999757782,nan,nan,nan,
C09,"Booth perturbé (ν=3.0, courbure croisée négative)",C,BFGS_Wolfe,50,exception,False,0,8,9,0,17,0.0007236999954329804,nan,nan,nan,ZeroDivisionError: float division by zero
C09,"Booth perturbé (ν=3.0, courbure croisée négative)",C,Newton_BT,50,max_iter_or_not_converged,False,100,301,200,100,601,0.0740114999935031,nan,nan,nan,
C09,"Booth perturbé (ν=3.0, courbure croisée négative)",C,Cauchy_Point,100,max_iter_or_not_converged,False,1000,2001,1001,1000,4002,0.3902916000079131,-1.4272024695663669e+26,1.4272024695663669e+26,5.780254992428222e+19,
C09,"Booth perturbé (ν=3.0, courbure croisée négative)",C,Dogleg,100,max_iter_or_not_converged,False,1000,2001,1001,1000,4002,0.4554336000001058,-1.4272024695663669e+26,1.4272024695663669e+26,5.780254992428222e+19,
C09,"Booth perturbé (ν=3.0, courbure croisée négative)",C,Steihaug_CG,100,max_iter_or_not_converged,False,1000,2001,1001,1000,4002,0.4062036999966949,-1.4272024695663669e+26,1.4272024695663669e+26,5.780254992428222e+19,
C09,"Booth perturbé (ν=3.0, courbure croisée négative)",C,BFGS_Armijo,100,max_iter_or_not_converged,False,500,1501,1001,0,2502,0.18450499999744352,nan,nan,nan,
C09,"Booth perturbé (ν=3.0, courbure croisée négative)",C,BFGS_Wolfe,100,exception,False,0,8,9,0,17,0.0011916999937966466,nan,nan,nan,ZeroDivisionError: float division by zero
C09,"Booth perturbé (ν=3.0, courbure croisée négative)",C,Newton_BT,100,max_iter_or_not_converged,False,100,301,200,100,601,0.16581739998946432,nan,nan,nan,
C09,"Booth perturbé (ν=3.0, courbure croisée négative)",C,Cauchy_Point,500,max_iter_or_not_converged,False,1000,2001,1001,1000,4002,1.6956787999952212,-2.8544263590980763e+25,2.8544263590980763e+25,1.1560575048967969e+19,
C09,"Booth perturbé (ν=3.0, courbure croisée négative)",C,Dogleg,500,max_iter_or_not_converged,False,1000,2001,1001,1000,4002,4.5846861000027275,-2.8544263590980763e+25,2.8544263590980763e+25,1.1560575048967969e+19,
C09,"Booth perturbé (ν=3.0, courbure croisée négative)",C,Steihaug_CG,500,max_iter_or_not_converged,False,1000,2001,1001,1000,4002,1.7091144000005443,-2.8544263590980775e+25,2.8544263590980775e+25,1.1560575048967981e+19,
C09,"Booth perturbé (ν=3.0, courbure croisée négative)",C,BFGS_Armijo,500,max_iter_or_not_converged,False,500,1501,1001,0,2502,1.0197029999981169,nan,nan,nan,
C09,"Booth perturbé (ν=3.0, courbure croisée négative)",C,BFGS_Wolfe,500,exception,False,0,8,9,0,17,0.006066300004022196,nan,nan,nan,ZeroDivisionError: float division by zero
C09,"Booth perturbé (ν=3.0, courbure croisée négative)",C,Newton_BT,500,max_iter_or_not_converged,False,100,301,200,100,601,0.838157999998657,nan,nan,nan,
C09,"Booth perturbé (ν=3.0, courbure croisée négative)",C,Cauchy_Point,1000,max_iter_or_not_converged,False,1000,2001,1001,1000,4002,5.138112799992086,-1.4272212047616256e+25,1.4272212047616256e+25,5.780311901407241e+18,
C09,"Booth perturbé (ν=3.0, courbure croisée négative)",C,Dogleg,1000,max_iter_or_not_converged,False,1000,2001,1001,1000,4002,20.873800500005018,-1.4272212047616256e+25,1.4272212047616256e+25,5.780311901407241e+18,
C09,"Booth perturbé (ν=3.0, courbure croisée négative)",C,Steihaug_CG,1000,max_iter_or_not_converged,False,1000,2001,1001,1000,4002,5.139366799994605,-1.4272212047616256e+25,1.4272212047616256e+25,5.780311901407241e+18,
C09,"Booth perturbé (ν=3.0, courbure croisée négative)",C,BFGS_Armijo,1000,max_iter_or_not_converged,False,500,1501,1001,0,2502,2.47245980000298,nan,nan,nan,
C09,"Booth perturbé (ν=3.0, courbure croisée négative)",C,BFGS_Wolfe,1000,exception,False,0,8,9,0,17,0.014556499998434447,nan,nan,nan,ZeroDivisionError: float division by zero
C09,"Booth perturbé (ν=3.0, courbure croisée négative)",C,Newton_BT,1000,max_iter_or_not_converged,False,100,301,200,100,601,2.075043899996672,nan,nan,nan,
C10,"Laplacien décalé (ρ=0.7, ~70% v.p. < 0)",C,Cauchy_Point,10,max_iter_or_not_converged,False,1000,2001,1001,1000,4002,0.06015119999938179,-132561653891022.34,132561653891022.34,26845951.505326387,
C10,"Laplacien décalé (ρ=0.7, ~70% v.p. < 0)",C,Dogleg,10,max_iter_or_not_converged,False,1000,2001,1001,1000,4002,0.07723730000725482,-132561653891022.34,132561653891022.34,26845951.505326387,
C10,"Laplacien décalé (ρ=0.7, ~70% v.p. < 0)",C,Steihaug_CG,10,max_iter_or_not_converged,False,1000,2001,1001,1000,4002,0.07283419999293983,-132561653891022.33,132561653891022.33,26845951.505326383,
C10,"Laplacien décalé (ρ=0.7, ~70% v.p. < 0)",C,BFGS_Armijo,10,max_iter_or_not_converged,False,500,1501,1001,0,2502,0.038860400003613904,-inf,nan,inf,
C10,"Laplacien décalé (ρ=0.7, ~70% v.p. < 0)",C,BFGS_Wolfe,10,exception,False,0,8,9,0,17,0.00026619998971000314,nan,nan,nan,ZeroDivisionError: float division by zero
C10,"Laplacien décalé (ρ=0.7, ~70% v.p. < 0)",C,Newton_BT,10,max_iter_or_not_converged,False,100,301,200,100,601,0.00852669999585487,-7.091462679161604e+111,7.091462679161604e+111,1.963750866259273e+56,
C10,"Laplacien décalé (ρ=0.7, ~70% v.p. < 0)",C,Cauchy_Point,50,max_iter_or_not_converged,False,1000,2001,1001,1000,4002,0.12321130000054836,-133325350565646.95,133325350565646.95,27011298.53200913,
C10,"Laplacien décalé (ρ=0.7, ~70% v.p. < 0)",C,Dogleg,50,max_iter_or_not_converged,False,1000,2001,1001,1000,4002,0.14382599999953527,-133325350565646.95,133325350565646.95,27011298.53200913,
C10,"Laplacien décalé (ρ=0.7, ~70% v.p. < 0)",C,Steihaug_CG,50,max_iter_or_not_converged,False,1000,2001,1001,1000,4002,0.1367272000061348,-133325350565646.95,133325350565646.95,27011298.532009132,
C10,"Laplacien décalé (ρ=0.7, ~70% v.p. < 0)",C,BFGS_Armijo,50,max_iter_or_not_converged,False,500,1501,1001,0,2502,0.07519590000447351,-inf,nan,inf,
C10,"Laplacien décalé (ρ=0.7, ~70% v.p. < 0)",C,BFGS_Wolfe,50,exception,False,0,8,9,0,17,0.0005486000009113923,nan,nan,nan,ZeroDivisionError: float division by zero
C10,"Laplacien décalé (ρ=0.7, ~70% v.p. < 0)",C,Newton_BT,50,max_iter_or_not_converged,False,100,301,200,100,601,0.07360170000174548,-2.2143843186888246e+114,2.2143843186888246e+114,3.5084296377952697e+57,
C10,"Laplacien décalé (ρ=0.7, ~70% v.p. < 0)",C,Cauchy_Point,100,max_iter_or_not_converged,False,1000,2001,1001,1000,4002,0.5799442999996245,-133852730563546.67,133852730563546.67,27122068.339388642,
C10,"Laplacien décalé (ρ=0.7, ~70% v.p. < 0)",C,Dogleg,100,max_iter_or_not_converged,False,1000,2001,1001,1000,4002,0.6411476000066614,-133852730563546.67,133852730563546.67,27122068.339388642,
C10,"Laplacien décalé (ρ=0.7, ~70% v.p. < 0)",C,Steihaug_CG,100,max_iter_or_not_converged,False,1000,2001,1001,1000,4002,0.5920181999972556,-133852730563546.69,133852730563546.69,27122068.33938865,
C10,"Laplacien décalé (ρ=0.7, ~70% v.p. < 0)",C,BFGS_Armijo,100,max_iter_or_not_converged,False,500,1501,1001,0,2502,0.36309140000957996,-inf,nan,inf,
C10,"Laplacien décalé (ρ=0.7, ~70% v.p. < 0)",C,BFGS_Wolfe,100,exception,False,0,8,9,0,17,0.002254699997138232,nan,nan,nan,ZeroDivisionError: float division by zero
C10,"Laplacien décalé (ρ=0.7, ~70% v.p. < 0)",C,Newton_BT,100,max_iter_or_not_converged,False,100,301,200,100,601,0.19672439999703784,-5.562761266829457e+114,5.562761266829457e+114,5.5722959303990324e+57,
C10,"Laplacien décalé (ρ=0.7, ~70% v.p. < 0)",C,Cauchy_Point,500,max_iter_or_not_converged,False,1000,2001,1001,1000,4002,10.329066299993428,-133871573381273.66,133871573381273.66,27127663.019253522,
C10,"Laplacien décalé (ρ=0.7, ~70% v.p. < 0)",C,Dogleg,500,max_iter_or_not_converged,False,1000,2001,1001,1000,4002,12.989013099999283,-133871573381273.66,133871573381273.66,27127663.019253522,
C10,"Laplacien décalé (ρ=0.7, ~70% v.p. < 0)",C,Steihaug_CG,500,max_iter_or_not_converged,False,1000,2001,1001,1000,4002,10.279591399987112,-133871573381273.64,133871573381273.64,27127663.019253526,
C10,"Laplacien décalé (ρ=0.7, ~70% v.p. < 0)",C,BFGS_Armijo,500,max_iter_or_not_converged,False,500,1501,1001,0,2502,6.651652700005798,-inf,nan,inf,
C10,"Laplacien décalé (ρ=0.7, ~70% v.p. < 0)",C,BFGS_Wolfe,500,exception,False,0,8,9,0,17,0.044914699989021756,nan,nan,nan,ZeroDivisionError: float division by zero
C10,"Laplacien décalé (ρ=0.7, ~70% v.p. < 0)",C,Newton_BT,500,max_iter_or_not_converged,False,100,301,200,100,601,2.0734112999925856,-2.0875481108826514e+115,2.0875481108826514e+115,1.0791435138429607e+58,
C10,"Laplacien décalé (ρ=0.7, ~70% v.p. < 0)",C,Cauchy_Point,1000,max_iter_or_not_converged,False,1000,2001,1001,1000,4002,47.23218590000761,-133817669956278.28,133817669956278.28,27119096.32244852,
C10,"Laplacien décalé (ρ=0.7, ~70% v.p. < 0)",C,Dogleg,1000,max_iter_or_not_converged,False,1000,2001,1001,1000,4002,61.68973169999663,-133817669956278.28,133817669956278.28,27119096.32244852,
C10,"Laplacien décalé (ρ=0.7, ~70% v.p. < 0)",C,Steihaug_CG,1000,max_iter_or_not_converged,False,1000,2001,1001,1000,4002,47.476524300000165,-133817669956278.27,133817669956278.27,27119096.32244852,
C10,"Laplacien décalé (ρ=0.7, ~70% v.p. < 0)",C,BFGS_Armijo,1000,max_iter_or_not_converged,False,500,1501,1001,0,2502,30.35507829999551,-inf,nan,inf,
C10,"Laplacien décalé (ρ=0.7, ~70% v.p. < 0)",C,BFGS_Wolfe,1000,exception,False,0,8,9,0,17,0.20708910000394098,nan,nan,nan,ZeroDivisionError: float division by zero
C10,"Laplacien décalé (ρ=0.7, ~70% v.p. < 0)",C,Newton_BT,1000,max_iter_or_not_converged,False,100,301,200,100,601,8.609981000001426,-4.59297108390833e+115,4.59297108390833e+115,1.600970253789472e+58,
